timestamp,crop_type,growth_stage,soil_moisture,air_humidity,temperature,irrigate
2026-07-01 06:00:00,chili,fruiting,46.4,81.2,24.3,0
2026-07-01 07:00:00,chili,vegetative,43.1,88.1,23.4,1
2026-07-01 08:00:00,chili,vegetative,51.3,96.4,24.1,1
2026-07-01 09:00:00,chili,fruiting,65.0,71.4,26.3,0
2026-07-01 10:00:00,chili,vegetative,62.7,69.2,28.5,0
2026-07-01 11:00:00,chili,seedling,59.4,68.0,31.3,0
2026-07-01 12:00:00,chili,vegetative,60.5,51.3,31.0,0
2026-07-01 13:00:00,chili,fruiting,57.5,65.7,33.8,0
2026-07-01 14:00:00,chili,vegetative,56.6,65.0,29.4,0
2026-07-01 15:00:00,chili,fruiting,52.9,67.4,33.5,0
2026-07-01 16:00:00,chili,seedling,49.7,69.4,31.5,1
2026-07-01 17:00:00,chili,vegetative,60.4,56.7,32.0,0
2026-07-01 18:00:00,chili,seedling,60.0,65.8,31.3,1
2026-07-01 19:00:00,chili,fruiting,68.6,67.0,29.9,0
2026-07-01 20:00:00,chili,seedling,62.9,74.0,29.8,0
2026-07-01 21:00:00,chili,fruiting,59.9,80.1,27.1,0
2026-07-01 22:00:00,chili,fruiting,54.2,81.3,24.6,0
2026-07-01 23:00:00,chili,seedling,54.0,79.4,22.8,0
2026-07-02 00:00:00,chili,vegetative,52.9,98.0,23.7,0
2026-07-02 01:00:00,chili,fruiting,53.0,94.9,21.8,0
2026-07-02 02:00:00,chili,seedling,47.1,87.8,21.9,0
2026-07-02 03:00:00,chili,seedling,45.8,93.2,22.1,0
2026-07-02 04:00:00,chili,seedling,47.0,86.0,22.7,0
2026-07-02 05:00:00,chili,fruiting,41.0,93.6,22.2,0
2026-07-02 06:00:00,chili,flowering,40.2,86.5,23.2,0
2026-07-02 07:00:00,chili,vegetative,38.5,82.5,25.2,1
2026-07-02 08:00:00,chili,seedling,50.6,89.7,24.4,1
2026-07-02 09:00:00,chili,seedling,62.7,85.5,25.7,1
2026-07-02 10:00:00,chili,vegetative,73.2,75.7,27.7,0
2026-07-02 11:00:00,chili,flowering,72.2,76.6,27.6,0
2026-07-02 12:00:00,chili,seedling,71.9,68.7,30.1,0
2026-07-02 13:00:00,chili,fruiting,73.2,63.5,32.5,0
2026-07-02 14:00:00,chili,vegetative,69.9,62.0,31.6,0
2026-07-02 15:00:00,chili,fruiting,63.4,75.6,33.2,0
2026-07-02 16:00:00,chili,vegetative,62.9,61.1,32.7,0
2026-07-02 17:00:00,chili,fruiting,63.3,66.5,32.3,0
2026-07-02 18:00:00,chili,fruiting,63.7,74.1,30.2,0
2026-07-02 19:00:00,chili,flowering,60.9,73.5,30.1,1
2026-07-02 20:00:00,chili,fruiting,73.5,75.0,28.7,0
2026-07-02 21:00:00,chili,seedling,72.0,72.8,29.6,0
2026-07-02 22:00:00,chili,fruiting,69.9,84.2,24.2,0
2026-07-02 23:00:00,chili,seedling,67.0,77.0,24.9,0
2026-07-03 00:00:00,chili,seedling,67.8,96.6,22.7,0
2026-07-03 01:00:00,chili,vegetative,66.8,98.0,21.1,0
2026-07-03 02:00:00,chili,fruiting,64.8,98.0,21.2,0
2026-07-03 03:00:00,chili,vegetative,60.5,98.0,20.0,0
2026-07-03 04:00:00,chili,fruiting,54.0,89.9,20.8,0
2026-07-03 05:00:00,chili,flowering,50.4,93.0,23.5,0
2026-07-03 06:00:00,chili,seedling,51.5,77.0,24.4,0
2026-07-03 07:00:00,chili,flowering,50.7,81.7,25.1,0
2026-07-03 08:00:00,chili,seedling,50.9,71.3,24.4,0
2026-07-03 09:00:00,chili,vegetative,50.6,76.3,27.2,1
2026-07-03 10:00:00,chili,vegetative,60.2,63.1,30.0,0
2026-07-03 11:00:00,chili,fruiting,57.2,67.2,32.1,0
2026-07-03 12:00:00,chili,flowering,56.5,83.5,31.0,0
2026-07-03 13:00:00,chili,vegetative,52.9,65.3,32.7,0
2026-07-03 14:00:00,chili,seedling,48.1,74.0,32.6,0
2026-07-03 15:00:00,chili,vegetative,47.8,63.6,35.3,1
2026-07-03 16:00:00,chili,flowering,60.6,69.4,35.3,0
2026-07-03 17:00:00,chili,fruiting,59.5,66.9,32.5,0
2026-07-03 18:00:00,chili,vegetative,57.7,63.7,30.1,0
2026-07-03 19:00:00,chili,fruiting,54.5,56.5,31.0,0
2026-07-03 20:00:00,chili,flowering,49.6,82.2,28.5,0
2026-07-03 21:00:00,chili,seedling,46.0,79.4,28.9,0
2026-07-03 22:00:00,chili,vegetative,42.2,67.1,25.8,0
2026-07-03 23:00:00,chili,flowering,38.4,95.6,24.5,1
2026-07-04 00:00:00,chili,vegetative,47.3,98.0,21.9,0
2026-07-04 01:00:00,chili,seedling,44.2,91.7,22.4,1
2026-07-04 02:00:00,chili,fruiting,53.6,89.4,21.3,1
2026-07-04 03:00:00,chili,flowering,62.2,94.9,21.4,0
2026-07-04 04:00:00,chili,flowering,62.0,88.1,24.3,0
2026-07-04 05:00:00,chili,seedling,59.1,78.9,23.0,0
2026-07-04 06:00:00,chili,fruiting,63.3,96.5,24.3,0
2026-07-04 07:00:00,chili,flowering,61.8,86.0,24.6,0
2026-07-04 08:00:00,chili,vegetative,57.1,87.7,25.3,1
2026-07-04 09:00:00,chili,seedling,72.5,79.2,24.9,0
2026-07-04 10:00:00,chili,flowering,70.2,68.3,29.5,0
2026-07-04 11:00:00,chili,vegetative,68.4,68.3,31.3,0
2026-07-04 12:00:00,chili,fruiting,71.8,62.8,31.8,0
2026-07-04 13:00:00,chili,fruiting,69.2,69.3,30.5,0
2026-07-04 14:00:00,chili,fruiting,68.1,62.3,33.2,0
2026-07-04 15:00:00,chili,flowering,65.4,68.3,33.9,0
2026-07-04 16:00:00,chili,flowering,64.5,58.4,35.0,0
2026-07-04 17:00:00,chili,fruiting,59.1,59.9,31.1,1
2026-07-04 18:00:00,chili,flowering,68.1,70.4,32.4,0
2026-07-04 19:00:00,chili,flowering,65.8,72.2,29.8,0
2026-07-04 20:00:00,chili,flowering,61.8,82.0,28.2,1
2026-07-04 21:00:00,chili,fruiting,74.3,73.8,26.7,0
2026-07-04 22:00:00,chili,seedling,71.6,94.8,24.9,0
2026-07-04 23:00:00,chili,flowering,72.1,85.9,23.8,0
2026-07-05 00:00:00,chili,vegetative,71.2,85.0,22.1,0
2026-07-05 01:00:00,chili,flowering,69.8,98.0,20.1,0
2026-07-05 02:00:00,chili,vegetative,64.0,98.0,20.8,0
2026-07-05 03:00:00,chili,fruiting,63.1,98.0,19.7,0
2026-07-05 04:00:00,chili,fruiting,62.9,78.9,22.6,0
2026-07-05 05:00:00,chili,fruiting,60.3,90.1,21.8,0
2026-07-05 06:00:00,chili,flowering,58.4,91.8,25.3,0
2026-07-05 07:00:00,chili,flowering,55.5,93.4,23.8,1
2026-07-05 08:00:00,chili,seedling,61.9,86.4,25.5,0
2026-07-05 09:00:00,chili,fruiting,58.0,76.8,29.0,0
2026-07-05 10:00:00,chili,vegetative,55.2,74.2,29.4,0
2026-07-05 11:00:00,chili,flowering,56.9,74.6,30.1,0
2026-07-05 12:00:00,chili,vegetative,55.4,64.9,31.4,0
2026-07-05 13:00:00,chili,seedling,56.1,71.1,31.2,0
2026-07-05 14:00:00,chili,fruiting,54.5,53.4,33.0,0
2026-07-05 15:00:00,chili,flowering,51.9,77.6,30.7,0
2026-07-05 16:00:00,chili,flowering,51.6,55.2,33.9,1
2026-07-05 17:00:00,chili,fruiting,64.6,67.9,32.6,0
2026-07-05 18:00:00,chili,flowering,62.5,69.2,30.7,0
2026-07-05 19:00:00,chili,fruiting,61.7,66.1,30.1,1
2026-07-05 20:00:00,chili,fruiting,76.6,73.9,28.8,0
2026-07-05 21:00:00,chili,flowering,73.2,78.4,27.5,0
2026-07-05 22:00:00,chili,seedling,69.5,83.1,25.2,0
2026-07-05 23:00:00,chili,vegetative,73.8,87.5,23.9,0
2026-07-06 00:00:00,chili,seedling,75.2,97.6,22.0,0
2026-07-06 01:00:00,chili,flowering,76.7,89.6,21.6,0
2026-07-06 02:00:00,chili,seedling,75.9,95.7,21.5,0
2026-07-06 03:00:00,chili,flowering,75.7,85.5,21.3,0
2026-07-06 04:00:00,chili,seedling,73.3,86.6,22.6,0
2026-07-06 05:00:00,chili,vegetative,69.0,83.5,22.5,0
2026-07-06 06:00:00,chili,fruiting,65.8,85.0,24.2,0
2026-07-06 07:00:00,chili,flowering,65.7,87.9,23.8,0
2026-07-06 08:00:00,chili,flowering,64.7,89.4,24.0,1
2026-07-06 09:00:00,chili,seedling,75.6,92.0,24.6,0
2026-07-06 10:00:00,chili,fruiting,74.7,74.7,26.6,0
2026-07-06 11:00:00,chili,seedling,77.1,71.8,28.1,0
2026-07-06 12:00:00,chili,seedling,73.2,71.5,29.9,0
2026-07-06 13:00:00,chili,flowering,73.9,57.0,32.8,0
2026-07-06 14:00:00,chili,flowering,68.5,48.5,33.8,0
2026-07-06 15:00:00,chili,vegetative,67.3,68.5,33.9,0
2026-07-06 16:00:00,chili,vegetative,66.4,62.6,34.4,0
2026-07-06 17:00:00,chili,flowering,63.1,66.7,31.2,0
2026-07-06 18:00:00,chili,fruiting,61.7,72.0,30.4,1
2026-07-06 19:00:00,chili,vegetative,77.6,61.7,32.3,0
2026-07-06 20:00:00,chili,vegetative,78.1,69.1,29.1,0
2026-07-06 21:00:00,chili,fruiting,76.2,80.3,27.0,0
2026-07-06 22:00:00,chili,vegetative,75.4,79.5,26.3,0
2026-07-06 23:00:00,chili,fruiting,76.0,86.6,23.4,0
2026-07-07 00:00:00,chili,fruiting,81.1,98.0,20.9,0
2026-07-07 01:00:00,chili,fruiting,78.3,90.3,21.0,0
2026-07-07 02:00:00,chili,flowering,78.5,86.0,21.1,0
2026-07-07 03:00:00,chili,flowering,75.5,94.5,20.1,0
2026-07-07 04:00:00,chili,vegetative,78.6,98.0,18.4,0
2026-07-07 05:00:00,chili,seedling,77.8,83.5,21.3,0
2026-07-07 06:00:00,chili,fruiting,75.0,89.0,22.0,0
2026-07-07 07:00:00,chili,seedling,73.0,74.6,23.7,0
2026-07-07 08:00:00,chili,fruiting,76.8,88.9,26.1,0
2026-07-07 09:00:00,chili,seedling,76.1,81.1,30.9,0
2026-07-07 10:00:00,chili,flowering,73.7,79.8,27.6,0
2026-07-07 11:00:00,chili,flowering,71.1,74.8,33.6,0
2026-07-07 12:00:00,chili,vegetative,67.1,63.6,33.7,0
2026-07-07 13:00:00,chili,seedling,67.1,53.7,33.8,0
2026-07-07 14:00:00,chili,vegetative,65.4,70.1,33.3,0
2026-07-07 15:00:00,chili,vegetative,62.1,57.0,33.7,0
2026-07-07 16:00:00,chili,fruiting,61.0,78.3,33.0,0
2026-07-07 17:00:00,chili,seedling,61.1,60.1,33.0,1
2026-07-07 18:00:00,chili,vegetative,70.7,70.1,31.1,0
2026-07-07 19:00:00,chili,fruiting,68.4,79.1,30.6,0
2026-07-07 20:00:00,chili,flowering,65.8,85.2,28.5,0
2026-07-07 21:00:00,chili,fruiting,63.0,90.7,28.3,0
2026-07-07 22:00:00,chili,flowering,56.2,80.5,26.6,0
2026-07-07 23:00:00,chili,seedling,58.9,96.5,23.1,0
2026-07-08 00:00:00,chili,seedling,57.2,98.0,21.5,0
2026-07-08 01:00:00,chili,seedling,54.5,98.0,19.2,0
2026-07-08 02:00:00,chili,seedling,55.9,78.2,20.4,0
2026-07-08 03:00:00,chili,fruiting,51.0,78.1,22.1,0
2026-07-08 04:00:00,chili,flowering,51.4,97.4,21.7,0
2026-07-08 05:00:00,chili,fruiting,53.0,91.5,22.2,0
2026-07-08 06:00:00,chili,vegetative,51.7,88.7,21.2,1
2026-07-08 07:00:00,chili,seedling,61.6,81.1,26.1,0
2026-07-08 08:00:00,chili,flowering,58.3,81.3,26.2,0
2026-07-08 09:00:00,chili,seedling,57.4,83.9,25.4,0
2026-07-08 10:00:00,chili,seedling,56.1,70.7,28.6,0
2026-07-08 11:00:00,chili,flowering,56.0,74.0,30.2,0
2026-07-08 12:00:00,chili,fruiting,59.2,63.3,33.5,0
2026-07-08 13:00:00,chili,fruiting,56.4,65.0,31.5,0
2026-07-08 14:00:00,chili,flowering,56.6,82.6,30.5,0
2026-07-08 15:00:00,chili,fruiting,60.0,64.1,30.6,0
2026-07-08 16:00:00,chili,fruiting,55.7,64.5,34.7,1
2026-07-08 17:00:00,chili,fruiting,63.3,54.2,32.4,1
2026-07-08 18:00:00,chili,flowering,69.5,81.1,31.1,0
2026-07-08 19:00:00,chili,fruiting,65.2,66.4,28.8,0
2026-07-08 20:00:00,chili,flowering,67.1,74.6,28.4,0
2026-07-08 21:00:00,chili,flowering,65.9,85.2,26.1,0
2026-07-08 22:00:00,chili,seedling,65.9,81.5,23.2,0
2026-07-08 23:00:00,chili,seedling,62.6,81.5,25.1,0
2026-07-09 00:00:00,chili,vegetative,60.3,82.2,24.0,0
2026-07-09 01:00:00,chili,flowering,54.2,91.2,22.5,0
2026-07-09 02:00:00,chili,vegetative,52.4,85.9,21.8,0
2026-07-09 03:00:00,chili,seedling,49.0,94.2,19.6,1
2026-07-09 04:00:00,chili,flowering,60.2,91.4,24.1,0
2026-07-09 05:00:00,chili,vegetative,60.4,95.2,22.1,0
2026-07-09 06:00:00,chili,fruiting,59.7,87.4,22.7,0
2026-07-09 07:00:00,chili,flowering,59.8,86.7,23.1,0
2026-07-09 08:00:00,chili,vegetative,59.0,90.7,25.8,0
2026-07-09 09:00:00,chili,vegetative,56.3,64.9,27.8,1
2026-07-09 10:00:00,chili,vegetative,69.4,70.4,31.0,0
2026-07-09 11:00:00,chili,seedling,66.6,80.4,29.5,0
2026-07-09 12:00:00,chili,flowering,67.5,79.3,32.0,0
2026-07-09 13:00:00,chili,flowering,64.5,81.0,31.2,0
2026-07-09 14:00:00,chili,fruiting,62.3,61.9,32.7,0
2026-07-09 15:00:00,chili,seedling,60.4,78.8,31.3,0
2026-07-09 16:00:00,chili,vegetative,55.5,79.0,31.9,1
2026-07-09 17:00:00,chili,flowering,66.5,60.0,33.0,0
2026-07-09 18:00:00,chili,flowering,64.9,59.4,33.5,0
2026-07-09 19:00:00,chili,vegetative,65.7,76.7,29.8,1
2026-07-09 20:00:00,chili,flowering,71.2,83.8,26.9,0
2026-07-09 21:00:00,chili,vegetative,69.4,64.8,27.7,0
2026-07-09 22:00:00,chili,vegetative,66.4,78.9,26.6,0
2026-07-09 23:00:00,chili,seedling,66.2,88.6,23.7,0
2026-07-10 00:00:00,chili,seedling,63.2,98.0,22.5,0
2026-07-10 01:00:00,chili,vegetative,62.9,76.5,23.7,0
2026-07-10 02:00:00,chili,vegetative,64.5,97.1,20.0,0
2026-07-10 03:00:00,chili,fruiting,61.7,92.5,21.4,0
2026-07-10 04:00:00,chili,vegetative,57.3,95.1,21.8,0
2026-07-10 05:00:00,chili,vegetative,53.8,98.0,22.5,0
2026-07-10 06:00:00,chili,seedling,47.7,88.8,23.2,1
2026-07-10 07:00:00,chili,vegetative,59.4,92.9,25.0,0
2026-07-10 08:00:00,chili,fruiting,54.5,82.5,25.2,0
2026-07-10 09:00:00,chili,seedling,52.7,82.2,29.3,1
2026-07-10 10:00:00,chili,vegetative,67.4,86.4,28.5,0
2026-07-10 11:00:00,chili,vegetative,65.0,69.4,31.9,0
2026-07-10 12:00:00,chili,fruiting,64.2,62.5,32.0,0
2026-07-10 13:00:00,chili,seedling,59.7,76.9,29.8,0
2026-07-10 14:00:00,chili,fruiting,57.8,69.5,30.7,0
2026-07-10 15:00:00,chili,fruiting,57.2,71.2,32.1,0
2026-07-10 16:00:00,chili,fruiting,53.1,70.7,32.4,1
2026-07-10 17:00:00,chili,vegetative,61.5,54.1,33.0,0
2026-07-10 18:00:00,chili,vegetative,60.3,66.5,30.4,1
2026-07-10 19:00:00,chili,vegetative,71.2,75.7,28.3,0
2026-07-10 20:00:00,chili,fruiting,67.6,71.2,30.2,0
2026-07-10 21:00:00,chili,seedling,64.7,76.5,27.8,0
2026-07-10 22:00:00,chili,fruiting,64.6,80.0,23.7,0
2026-07-10 23:00:00,chili,vegetative,61.6,83.9,22.7,0
2026-07-11 00:00:00,chili,fruiting,58.8,98.0,23.5,0
2026-07-11 01:00:00,chili,fruiting,55.7,92.6,23.8,0
2026-07-11 02:00:00,chili,seedling,54.9,91.4,23.2,0
2026-07-11 03:00:00,chili,seedling,52.7,94.7,21.0,0
2026-07-11 04:00:00,chili,vegetative,53.7,98.0,20.5,0
2026-07-11 05:00:00,chili,seedling,54.1,98.0,21.6,1
2026-07-11 06:00:00,chili,fruiting,61.7,78.8,24.1,0
2026-07-11 07:00:00,chili,flowering,58.8,90.5,23.4,0
2026-07-11 08:00:00,chili,flowering,58.3,85.9,24.4,1
2026-07-11 09:00:00,chili,fruiting,70.7,71.4,28.6,0
2026-07-11 10:00:00,chili,flowering,72.7,89.9,29.6,0
2026-07-11 11:00:00,chili,flowering,69.5,65.8,31.9,0
2026-07-11 12:00:00,chili,fruiting,67.7,66.1,31.7,0
2026-07-11 13:00:00,chili,vegetative,64.4,63.6,33.0,0
2026-07-11 14:00:00,chili,vegetative,64.3,55.2,31.7,0
2026-07-11 15:00:00,chili,flowering,63.4,60.1,31.4,0
2026-07-11 16:00:00,chili,vegetative,59.2,65.4,32.2,1
2026-07-11 17:00:00,chili,seedling,72.3,73.4,32.4,0
2026-07-11 18:00:00,chili,flowering,70.3,67.5,31.8,0
2026-07-11 19:00:00,chili,fruiting,71.3,67.8,28.3,0
2026-07-11 20:00:00,chili,vegetative,69.6,68.5,29.9,0
2026-07-11 21:00:00,chili,vegetative,70.9,79.7,28.5,0
2026-07-11 22:00:00,chili,vegetative,70.7,84.3,25.7,0
2026-07-11 23:00:00,chili,seedling,71.4,97.5,24.8,0
2026-07-12 00:00:00,chili,fruiting,71.2,84.7,24.4,0
2026-07-12 01:00:00,chili,vegetative,71.9,92.7,21.7,0
2026-07-12 02:00:00,chili,flowering,67.8,98.0,23.5,0
2026-07-12 03:00:00,chili,flowering,69.4,83.9,20.6,0
2026-07-12 04:00:00,chili,vegetative,72.1,78.9,19.9,0
2026-07-12 05:00:00,chili,vegetative,72.0,84.8,23.0,0
2026-07-12 06:00:00,chili,flowering,71.3,70.5,23.0,0
2026-07-12 07:00:00,chili,seedling,68.5,75.7,26.0,0
2026-07-12 08:00:00,chili,fruiting,65.8,77.7,25.7,0
2026-07-12 09:00:00,chili,fruiting,65.5,86.4,26.1,0
2026-07-12 10:00:00,chili,seedling,65.0,83.8,28.0,0
2026-07-12 11:00:00,chili,flowering,66.2,78.1,32.3,0
2026-07-12 12:00:00,chili,vegetative,66.3,74.8,31.9,0
2026-07-12 13:00:00,chili,vegetative,65.4,81.3,30.6,0
2026-07-12 14:00:00,chili,vegetative,65.6,66.5,33.6,0
2026-07-12 15:00:00,chili,flowering,63.3,79.6,30.2,0
2026-07-12 16:00:00,chili,flowering,58.3,68.4,31.6,1
2026-07-12 17:00:00,chili,seedling,69.7,63.5,31.9,0
2026-07-12 18:00:00,chili,seedling,65.9,67.1,33.2,1
2026-07-12 19:00:00,chili,flowering,81.5,79.8,27.7,0
2026-07-12 20:00:00,chili,flowering,83.1,68.3,29.9,0
2026-07-12 21:00:00,chili,flowering,84.0,79.1,28.3,0
2026-07-12 22:00:00,chili,vegetative,82.0,80.4,25.9,0
2026-07-12 23:00:00,chili,fruiting,78.8,96.7,22.9,0
2026-07-13 00:00:00,chili,flowering,78.9,86.6,23.6,0
2026-07-13 01:00:00,chili,fruiting,72.9,94.0,23.1,0
2026-07-13 02:00:00,chili,vegetative,70.3,91.5,20.7,0
2026-07-13 03:00:00,chili,seedling,68.3,83.8,21.2,0
2026-07-13 04:00:00,chili,vegetative,65.8,98.0,18.4,0
2026-07-13 05:00:00,chili,vegetative,61.8,98.0,20.0,0
2026-07-13 06:00:00,chili,seedling,61.2,98.0,22.6,0
2026-07-13 07:00:00,chili,vegetative,59.9,87.8,24.2,0
2026-07-13 08:00:00,chili,seedling,60.0,95.6,24.7,0
2026-07-13 09:00:00,chili,fruiting,60.5,69.2,28.0,0
2026-07-13 10:00:00,chili,fruiting,57.3,73.0,30.4,0
2026-07-13 11:00:00,chili,fruiting,53.3,59.1,30.2,0
2026-07-13 12:00:00,chili,fruiting,53.5,67.9,32.9,1
2026-07-13 13:00:00,chili,vegetative,72.7,58.3,31.2,0
2026-07-13 14:00:00,chili,vegetative,74.1,67.1,34.2,0
2026-07-13 15:00:00,chili,fruiting,72.0,68.2,33.5,0
2026-07-13 16:00:00,chili,flowering,71.1,60.0,31.4,0
2026-07-13 17:00:00,chili,fruiting,71.0,82.4,30.4,0
2026-07-13 18:00:00,chili,fruiting,74.8,68.9,30.0,0
2026-07-13 19:00:00,chili,fruiting,72.4,60.7,31.8,0
2026-07-13 20:00:00,chili,vegetative,71.6,82.3,27.6,0
2026-07-13 21:00:00,chili,fruiting,72.6,66.0,28.0,0
2026-07-13 22:00:00,chili,vegetative,72.1,78.8,25.7,0
2026-07-13 23:00:00,chili,fruiting,72.9,96.6,24.4,0
2026-07-14 00:00:00,chili,seedling,72.0,79.1,22.9,0
2026-07-14 01:00:00,chili,fruiting,71.1,96.2,20.4,0
2026-07-14 02:00:00,chili,flowering,71.2,98.0,21.5,0
2026-07-14 03:00:00,chili,vegetative,70.5,85.4,21.2,0
2026-07-14 04:00:00,chili,vegetative,69.2,79.9,22.0,0
2026-07-14 05:00:00,chili,vegetative,66.5,97.2,21.7,0
2026-07-14 06:00:00,chili,seedling,62.6,94.0,23.6,0
2026-07-14 07:00:00,chili,fruiting,60.7,95.1,25.1,1
2026-07-14 08:00:00,chili,seedling,65.4,86.4,26.9,0
2026-07-14 09:00:00,chili,fruiting,66.5,76.6,26.4,0
2026-07-14 10:00:00,chili,fruiting,64.4,86.8,26.7,0
2026-07-14 11:00:00,chili,flowering,63.3,66.8,29.6,0
2026-07-14 12:00:00,chili,fruiting,64.8,66.5,31.5,0
2026-07-14 13:00:00,chili,fruiting,63.3,77.5,32.2,0
2026-07-14 14:00:00,chili,fruiting,65.8,69.4,32.9,0
2026-07-14 15:00:00,chili,flowering,60.8,65.7,33.4,0
2026-07-14 16:00:00,chili,fruiting,59.1,64.6,33.7,1
2026-07-14 17:00:00,chili,seedling,66.4,70.4,34.4,0
2026-07-14 18:00:00,chili,fruiting,64.6,60.9,31.1,0
2026-07-14 19:00:00,chili,flowering,67.0,78.4,28.6,0
2026-07-14 20:00:00,chili,seedling,69.6,86.0,26.7,0
2026-07-14 21:00:00,chili,vegetative,68.8,72.1,28.2,0
2026-07-14 22:00:00,chili,seedling,68.3,87.8,25.2,0
2026-07-14 23:00:00,chili,fruiting,66.4,98.0,23.9,0
2026-07-15 00:00:00,chili,fruiting,63.8,96.9,21.2,0
2026-07-15 01:00:00,chili,vegetative,64.8,83.0,21.5,0
2026-07-15 02:00:00,chili,fruiting,65.7,98.0,20.7,0
2026-07-15 03:00:00,chili,vegetative,62.0,95.0,21.8,0
2026-07-15 04:00:00,chili,vegetative,60.0,83.3,23.2,0
2026-07-15 05:00:00,chili,seedling,58.7,98.0,19.7,0
2026-07-15 06:00:00,chili,flowering,58.8,96.1,23.3,0
2026-07-15 07:00:00,chili,flowering,61.2,97.9,21.3,0
2026-07-15 08:00:00,chili,fruiting,63.2,77.5,26.6,0
2026-07-15 09:00:00,chili,seedling,63.5,65.5,28.4,0
2026-07-15 10:00:00,chili,seedling,62.0,75.3,29.1,0
2026-07-15 11:00:00,chili,fruiting,58.8,78.2,29.0,0
2026-07-15 12:00:00,chili,flowering,56.2,51.2,33.0,0
2026-07-15 13:00:00,chili,seedling,55.0,64.3,33.9,1
2026-07-15 14:00:00,chili,seedling,68.4,60.0,33.0,0
2026-07-15 15:00:00,chili,flowering,63.5,69.0,31.3,0
2026-07-15 16:00:00,chili,vegetative,60.1,62.8,32.5,0
2026-07-15 17:00:00,chili,vegetative,59.4,70.5,30.6,0
2026-07-15 18:00:00,chili,flowering,59.6,70.3,30.4,0
2026-07-15 19:00:00,chili,seedling,59.7,77.8,28.6,0
2026-07-15 20:00:00,chili,seedling,55.7,82.4,28.4,0
2026-07-15 21:00:00,chili,flowering,52.7,70.4,27.2,0
2026-07-15 22:00:00,chili,vegetative,55.3,90.2,25.0,0
2026-07-15 23:00:00,chili,flowering,51.7,80.4,24.1,0
2026-07-16 00:00:00,chili,seedling,50.4,93.1,21.7,0
2026-07-16 01:00:00,chili,seedling,47.5,96.3,20.4,0
2026-07-16 02:00:00,chili,vegetative,47.0,98.0,21.6,0
2026-07-16 03:00:00,chili,flowering,46.6,95.5,21.1,0
2026-07-16 04:00:00,chili,fruiting,44.0,86.7,20.4,0
2026-07-16 05:00:00,chili,seedling,45.8,92.4,20.0,0
2026-07-16 06:00:00,chili,seedling,44.9,87.1,22.7,1
2026-07-16 07:00:00,chili,flowering,57.8,90.0,24.2,0
2026-07-16 08:00:00,chili,vegetative,57.8,97.0,25.4,0
2026-07-16 09:00:00,chili,seedling,55.8,95.2,26.1,1
2026-07-16 10:00:00,chili,fruiting,69.6,88.5,27.2,0
2026-07-16 11:00:00,chili,fruiting,69.1,79.6,28.9,0
2026-07-16 12:00:00,chili,flowering,69.1,80.0,33.1,0
2026-07-16 13:00:00,chili,fruiting,62.8,67.6,32.5,0
2026-07-16 14:00:00,chili,vegetative,61.1,69.9,34.3,0
2026-07-16 15:00:00,chili,flowering,57.3,58.0,34.0,0
2026-07-16 16:00:00,chili,seedling,55.7,60.8,31.0,0
2026-07-16 17:00:00,chili,flowering,57.8,72.8,29.9,1
2026-07-16 18:00:00,chili,fruiting,68.5,61.1,30.2,0
2026-07-16 19:00:00,chili,vegetative,67.6,71.1,31.4,0
2026-07-16 20:00:00,chili,seedling,68.9,77.2,29.3,0
2026-07-16 21:00:00,chili,flowering,63.9,66.0,27.7,0
2026-07-16 22:00:00,chili,vegetative,60.8,88.1,24.6,0
2026-07-16 23:00:00,chili,fruiting,58.0,89.5,24.4,0
2026-07-17 00:00:00,chili,vegetative,56.5,89.3,23.0,0
2026-07-17 01:00:00,chili,seedling,55.0,98.0,19.1,0
2026-07-17 02:00:00,chili,vegetative,51.8,88.7,20.6,0
2026-07-17 03:00:00,chili,fruiting,50.2,88.1,21.5,0
2026-07-17 04:00:00,chili,flowering,48.4,98.0,21.3,0
2026-07-17 05:00:00,chili,seedling,48.6,91.0,23.3,0
2026-07-17 06:00:00,chili,flowering,43.7,72.6,24.5,1
2026-07-17 07:00:00,chili,vegetative,51.9,91.6,25.1,0
2026-07-17 08:00:00,chili,flowering,53.2,73.2,26.7,1
2026-07-17 09:00:00,chili,flowering,66.1,70.5,28.0,0
2026-07-17 10:00:00,chili,seedling,63.1,81.6,27.0,0
2026-07-17 11:00:00,chili,vegetative,62.8,63.2,29.5,0
2026-07-17 12:00:00,chili,fruiting,63.2,68.6,30.8,0
2026-07-17 13:00:00,chili,vegetative,61.4,59.6,33.6,0
2026-07-17 14:00:00,chili,vegetative,59.7,71.4,31.8,0
2026-07-17 15:00:00,chili,seedling,56.4,55.8,34.2,1
2026-07-17 16:00:00,chili,flowering,62.1,60.0,32.9,0
2026-07-17 17:00:00,chili,vegetative,61.6,63.0,30.9,0
2026-07-17 18:00:00,chili,seedling,60.2,65.8,33.5,0
2026-07-17 19:00:00,chili,seedling,59.0,84.1,29.5,0
2026-07-17 20:00:00,chili,flowering,53.3,84.1,28.6,1
2026-07-17 21:00:00,chili,fruiting,65.1,93.4,26.5,0
2026-07-17 22:00:00,chili,flowering,61.6,96.3,23.5,0
2026-07-17 23:00:00,chili,flowering,60.0,90.1,23.7,0
2026-07-18 00:00:00,chili,vegetative,60.7,93.7,22.0,0
2026-07-18 01:00:00,chili,flowering,60.0,88.7,20.2,0
2026-07-18 02:00:00,chili,fruiting,58.5,91.8,23.1,0
2026-07-18 03:00:00,chili,flowering,54.8,98.0,21.1,0
2026-07-18 04:00:00,chili,fruiting,50.7,89.4,19.9,0
2026-07-18 05:00:00,chili,flowering,48.2,77.5,23.0,0
2026-07-18 06:00:00,chili,seedling,49.2,91.0,22.9,0
2026-07-18 07:00:00,chili,seedling,46.6,98.0,23.5,1
2026-07-18 08:00:00,chili,flowering,61.0,78.8,27.2,0
2026-07-18 09:00:00,chili,flowering,58.9,77.0,27.9,0
2026-07-18 10:00:00,chili,fruiting,58.5,85.9,28.3,0
2026-07-18 11:00:00,chili,vegetative,53.9,71.6,30.6,0
2026-07-18 12:00:00,chili,seedling,51.4,75.6,31.6,0
2026-07-18 13:00:00,chili,seedling,51.9,62.4,32.8,0
2026-07-18 14:00:00,chili,flowering,52.4,74.1,33.5,0
2026-07-18 15:00:00,chili,fruiting,49.2,60.9,33.1,1
2026-07-18 16:00:00,chili,vegetative,62.7,54.6,33.5,0
2026-07-18 17:00:00,chili,vegetative,61.7,66.4,32.4,0
2026-07-18 18:00:00,chili,seedling,59.7,73.5,30.8,0
2026-07-18 19:00:00,chili,seedling,60.6,68.0,30.3,0
2026-07-18 20:00:00,chili,fruiting,56.2,89.8,26.4,0
2026-07-18 21:00:00,chili,fruiting,54.9,83.5,25.9,0
2026-07-18 22:00:00,chili,flowering,53.3,82.4,24.2,0
2026-07-18 23:00:00,chili,flowering,54.7,93.8,24.6,0
2026-07-19 00:00:00,chili,seedling,52.1,87.5,23.2,0
2026-07-19 01:00:00,chili,vegetative,48.0,90.1,20.3,0
2026-07-19 02:00:00,chili,vegetative,49.9,98.0,20.7,0
2026-07-19 03:00:00,chili,vegetative,46.5,92.9,22.0,0
2026-07-19 04:00:00,chili,flowering,43.2,77.7,23.5,1
2026-07-19 05:00:00,chili,seedling,57.7,84.2,20.0,0
2026-07-19 06:00:00,chili,fruiting,58.6,89.7,21.6,0
2026-07-19 07:00:00,chili,vegetative,59.8,88.4,24.4,0
2026-07-19 08:00:00,chili,fruiting,57.1,98.0,23.7,1
2026-07-19 09:00:00,chili,flowering,68.2,93.8,25.8,0
2026-07-19 10:00:00,chili,fruiting,66.3,78.4,29.1,0
2026-07-19 11:00:00,chili,fruiting,67.6,61.2,29.4,0
2026-07-19 12:00:00,chili,fruiting,69.0,63.6,28.9,0
2026-07-19 13:00:00,chili,vegetative,70.0,51.0,34.0,0
2026-07-19 14:00:00,chili,seedling,68.7,65.3,32.6,0
2026-07-19 15:00:00,chili,fruiting,68.0,48.4,35.3,0
2026-07-19 16:00:00,chili,vegetative,67.7,51.4,33.0,0
2026-07-19 17:00:00,chili,fruiting,63.1,66.9,31.5,0
2026-07-19 18:00:00,chili,vegetative,62.3,73.0,31.0,1
2026-07-19 19:00:00,chili,seedling,76.0,82.9,29.1,0
2026-07-19 20:00:00,chili,flowering,71.6,62.9,28.1,0
2026-07-19 21:00:00,chili,fruiting,67.3,93.8,29.2,0
2026-07-19 22:00:00,chili,vegetative,64.8,88.6,24.7,0
2026-07-19 23:00:00,chili,seedling,59.8,82.3,24.0,0
2026-07-20 00:00:00,chili,seedling,58.7,96.6,23.2,0
2026-07-20 01:00:00,chili,flowering,60.3,91.2,21.8,0
2026-07-20 02:00:00,chili,vegetative,59.2,91.4,23.5,0
2026-07-20 03:00:00,chili,seedling,53.0,92.1,20.3,0
2026-07-20 04:00:00,chili,seedling,53.4,98.0,22.1,0
2026-07-20 05:00:00,chili,fruiting,55.4,82.8,22.1,0
2026-07-20 06:00:00,chili,flowering,51.9,79.6,23.4,0
2026-07-20 07:00:00,chili,fruiting,49.7,78.2,24.5,0
2026-07-20 08:00:00,chili,fruiting,47.3,63.9,27.6,0
2026-07-20 09:00:00,chili,flowering,47.0,83.1,28.2,1
2026-07-20 10:00:00,chili,seedling,54.1,66.3,26.7,0
2026-07-20 11:00:00,chili,flowering,51.6,68.5,31.2,1
2026-07-20 12:00:00,chili,flowering,63.1,74.2,31.1,0
2026-07-20 13:00:00,chili,seedling,63.2,71.3,32.2,0
2026-07-20 14:00:00,chili,vegetative,59.8,64.6,33.9,0
2026-07-20 15:00:00,chili,flowering,55.3,73.5,32.5,0
2026-07-20 16:00:00,chili,flowering,54.2,67.4,32.9,0
2026-07-20 17:00:00,chili,fruiting,53.0,62.8,31.5,0
2026-07-20 18:00:00,chili,seedling,50.3,56.2,30.4,1
2026-07-20 19:00:00,chili,fruiting,60.4,78.1,29.2,1
2026-07-20 20:00:00,chili,flowering,71.1,75.2,28.1,0
2026-07-20 21:00:00,chili,vegetative,69.7,81.8,28.5,0
2026-07-20 22:00:00,chili,flowering,69.6,75.9,26.6,0
2026-07-20 23:00:00,chili,vegetative,67.6,90.9,24.0,0
2026-07-21 00:00:00,chili,fruiting,66.8,81.2,25.3,0
2026-07-21 01:00:00,chili,fruiting,64.9,71.9,24.2,0
2026-07-21 02:00:00,chili,vegetative,65.8,76.2,22.5,0
2026-07-21 03:00:00,chili,fruiting,66.4,98.0,20.9,0
2026-07-21 04:00:00,chili,fruiting,68.6,87.7,21.4,0
2026-07-21 05:00:00,chili,seedling,67.1,98.0,20.7,0
2026-07-21 06:00:00,chili,flowering,69.3,94.6,21.9,0
2026-07-21 07:00:00,chili,fruiting,66.9,76.9,25.7,0
2026-07-21 08:00:00,chili,seedling,65.1,94.5,25.7,0
2026-07-21 09:00:00,chili,flowering,65.2,68.7,28.4,0
2026-07-21 10:00:00,chili,fruiting,68.7,70.6,29.9,0
2026-07-21 11:00:00,chili,fruiting,72.1,72.1,28.3,0
2026-07-21 12:00:00,chili,vegetative,69.5,71.5,31.8,0
2026-07-21 13:00:00,chili,vegetative,65.7,52.6,33.3,0
2026-07-21 14:00:00,chili,fruiting,61.4,64.3,34.1,0
2026-07-21 15:00:00,chili,seedling,57.1,53.2,33.7,0
2026-07-21 16:00:00,chili,fruiting,58.6,61.7,33.0,0
2026-07-21 17:00:00,chili,seedling,55.5,62.4,32.3,0
2026-07-21 18:00:00,chili,seedling,54.1,76.7,30.5,1
2026-07-21 19:00:00,chili,seedling,66.1,81.1,30.4,0
2026-07-21 20:00:00,chili,fruiting,64.9,69.2,31.0,0
2026-07-21 21:00:00,chili,flowering,63.5,87.7,26.5,0
2026-07-21 22:00:00,chili,fruiting,60.1,93.6,25.0,1
2026-07-21 23:00:00,chili,flowering,68.6,97.9,23.5,0
2026-07-22 00:00:00,chili,flowering,60.1,91.7,22.3,1
2026-07-22 01:00:00,chili,fruiting,75.0,98.0,19.7,0
2026-07-01 06:00:00,okra,seedling,42.1,90.0,24.4,1
2026-07-01 07:00:00,okra,vegetative,53.9,88.2,23.4,1
2026-07-01 08:00:00,okra,flowering,62.4,89.3,27.2,0
2026-07-01 09:00:00,okra,fruiting,63.0,87.8,25.0,0
2026-07-01 10:00:00,okra,fruiting,60.2,81.0,29.5,0
2026-07-01 11:00:00,okra,flowering,60.8,84.5,30.9,1
2026-07-01 12:00:00,okra,flowering,72.5,66.8,30.6,0
2026-07-01 13:00:00,okra,seedling,69.3,59.6,31.6,0
2026-07-01 14:00:00,okra,flowering,69.1,73.0,33.8,0
2026-07-01 15:00:00,okra,seedling,64.9,48.7,35.8,0
2026-07-01 16:00:00,okra,vegetative,63.8,55.7,33.1,1
2026-07-01 17:00:00,okra,seedling,77.8,67.3,32.7,0
2026-07-01 18:00:00,okra,flowering,72.6,67.3,31.1,0
2026-07-01 19:00:00,okra,fruiting,71.9,68.4,33.0,0
2026-07-01 20:00:00,okra,seedling,71.5,78.9,28.0,0
2026-07-01 21:00:00,okra,seedling,67.6,80.0,26.7,0
2026-07-01 22:00:00,okra,vegetative,66.9,86.3,25.6,0
2026-07-01 23:00:00,okra,fruiting,68.1,87.8,25.9,0
2026-07-02 00:00:00,okra,vegetative,68.5,93.5,24.9,0
2026-07-02 01:00:00,okra,vegetative,66.4,98.0,19.2,0
2026-07-02 02:00:00,okra,flowering,62.5,98.0,22.2,0
2026-07-02 03:00:00,okra,seedling,58.5,81.5,22.3,0
2026-07-02 04:00:00,okra,seedling,58.2,98.0,21.0,0
2026-07-02 05:00:00,okra,fruiting,55.6,98.0,23.2,0
2026-07-02 06:00:00,okra,seedling,54.5,94.1,22.2,1
2026-07-02 07:00:00,okra,flowering,60.1,87.7,22.3,1
2026-07-02 08:00:00,okra,fruiting,68.5,72.9,27.0,0
2026-07-02 09:00:00,okra,seedling,70.1,79.5,28.3,1
2026-07-02 10:00:00,okra,flowering,79.2,74.1,29.1,0
2026-07-02 11:00:00,okra,fruiting,73.6,92.2,27.6,0
2026-07-02 12:00:00,okra,fruiting,71.1,66.5,32.8,0
2026-07-02 13:00:00,okra,fruiting,69.8,59.3,31.5,0
2026-07-02 14:00:00,okra,fruiting,70.2,55.4,33.5,0
2026-07-02 15:00:00,okra,vegetative,68.2,61.0,32.9,0
2026-07-02 16:00:00,okra,flowering,69.0,69.8,31.5,0
2026-07-02 17:00:00,okra,flowering,66.9,67.3,31.2,0
2026-07-02 18:00:00,okra,flowering,63.2,80.5,31.8,1
2026-07-02 19:00:00,okra,vegetative,71.8,70.8,28.5,0
2026-07-02 20:00:00,okra,seedling,74.1,74.8,28.5,0
2026-07-02 21:00:00,okra,flowering,70.1,82.9,24.8,0
2026-07-02 22:00:00,okra,flowering,68.8,82.1,27.9,0
2026-07-02 23:00:00,okra,seedling,70.7,92.1,26.1,0
2026-07-03 00:00:00,okra,flowering,66.1,89.0,23.0,0
2026-07-03 01:00:00,okra,vegetative,68.3,98.0,22.3,0
2026-07-03 02:00:00,okra,seedling,65.2,90.0,23.6,0
2026-07-03 03:00:00,okra,seedling,59.3,98.0,20.5,0
2026-07-03 04:00:00,okra,fruiting,56.0,84.9,19.9,0
2026-07-03 05:00:00,okra,fruiting,49.7,85.0,24.7,1
2026-07-03 06:00:00,okra,seedling,57.2,88.4,22.1,0
2026-07-03 07:00:00,okra,flowering,55.0,88.4,23.3,0
2026-07-03 08:00:00,okra,vegetative,52.7,81.3,27.1,1
2026-07-03 09:00:00,okra,seedling,61.2,81.4,27.9,1
2026-07-03 10:00:00,okra,vegetative,71.9,78.9,29.0,0
2026-07-03 11:00:00,okra,seedling,72.1,63.6,30.2,0
2026-07-03 12:00:00,okra,seedling,71.0,70.8,32.2,0
2026-07-03 13:00:00,okra,seedling,69.1,67.1,31.7,0
2026-07-03 14:00:00,okra,fruiting,66.8,74.2,31.8,0
2026-07-03 15:00:00,okra,flowering,65.4,59.9,33.7,0
2026-07-03 16:00:00,okra,flowering,65.5,84.6,29.9,0
2026-07-03 17:00:00,okra,fruiting,63.6,56.0,33.9,0
2026-07-03 18:00:00,okra,fruiting,59.2,80.4,31.3,1
2026-07-03 19:00:00,okra,flowering,71.6,67.6,30.0,0
2026-07-03 20:00:00,okra,vegetative,70.7,82.0,29.4,0
2026-07-03 21:00:00,okra,fruiting,68.9,82.4,26.3,0
2026-07-03 22:00:00,okra,vegetative,72.3,78.5,25.3,0
2026-07-03 23:00:00,okra,vegetative,69.4,81.5,23.8,0
2026-07-04 00:00:00,okra,vegetative,67.1,85.9,22.5,0
2026-07-04 01:00:00,okra,flowering,66.8,94.7,21.8,0
2026-07-04 02:00:00,okra,vegetative,62.3,98.0,19.3,0
2026-07-04 03:00:00,okra,fruiting,59.3,95.6,20.0,1
2026-07-04 04:00:00,okra,flowering,67.3,91.9,20.5,0
2026-07-04 05:00:00,okra,seedling,64.8,96.1,22.4,0
2026-07-04 06:00:00,okra,fruiting,64.1,88.6,22.8,0
2026-07-04 07:00:00,okra,fruiting,62.7,76.7,23.7,0
2026-07-04 08:00:00,okra,flowering,61.5,80.4,27.5,0
2026-07-04 09:00:00,okra,flowering,62.6,59.7,27.6,0
2026-07-04 10:00:00,okra,flowering,60.9,70.1,29.4,0
2026-07-04 11:00:00,okra,flowering,56.8,67.1,30.9,0
2026-07-04 12:00:00,okra,flowering,55.3,63.2,32.8,1
2026-07-04 13:00:00,okra,seedling,68.0,68.2,33.1,0
2026-07-04 14:00:00,okra,seedling,64.4,72.1,31.2,0
2026-07-04 15:00:00,okra,seedling,63.8,71.1,31.6,0
2026-07-04 16:00:00,okra,vegetative,62.7,53.0,33.8,0
2026-07-04 17:00:00,okra,seedling,59.6,63.7,33.1,0
2026-07-04 18:00:00,okra,flowering,58.3,70.9,31.8,1
2026-07-04 19:00:00,okra,fruiting,65.6,74.0,28.4,0
2026-07-04 20:00:00,okra,fruiting,63.9,83.6,28.5,0
2026-07-04 21:00:00,okra,seedling,63.0,69.6,26.8,0
2026-07-04 22:00:00,okra,vegetative,61.5,89.0,25.7,0
2026-07-04 23:00:00,okra,fruiting,59.8,88.0,25.1,1
2026-07-05 00:00:00,okra,fruiting,71.3,86.4,23.9,0
2026-07-05 01:00:00,okra,flowering,68.8,83.8,22.3,0
2026-07-05 02:00:00,okra,seedling,65.9,98.0,20.4,0
2026-07-05 03:00:00,okra,seedling,64.8,97.2,22.0,0
2026-07-05 04:00:00,okra,flowering,63.3,98.0,20.3,0
2026-07-05 05:00:00,okra,seedling,60.0,93.6,21.6,0
2026-07-05 06:00:00,okra,seedling,56.6,81.5,22.3,0
2026-07-05 07:00:00,okra,fruiting,57.2,97.5,23.1,0
2026-07-05 08:00:00,okra,vegetative,55.2,86.0,24.7,1
2026-07-05 09:00:00,okra,seedling,62.1,86.9,26.5,0
2026-07-05 10:00:00,okra,fruiting,63.5,64.6,28.8,0
2026-07-05 11:00:00,okra,flowering,65.2,93.0,27.8,0
2026-07-05 12:00:00,okra,fruiting,63.7,73.6,32.1,1
2026-07-05 13:00:00,okra,vegetative,77.7,76.2,32.8,0
2026-07-05 14:00:00,okra,seedling,75.1,64.3,32.6,0
2026-07-05 15:00:00,okra,flowering,74.2,65.4,32.5,0
2026-07-05 16:00:00,okra,seedling,70.5,77.8,32.7,0
2026-07-05 17:00:00,okra,seedling,67.1,72.0,30.3,0
2026-07-05 18:00:00,okra,vegetative,64.9,61.6,31.6,0
2026-07-05 19:00:00,okra,flowering,65.8,72.9,30.4,0
2026-07-05 20:00:00,okra,flowering,62.2,78.1,28.0,1
2026-07-05 21:00:00,okra,vegetative,69.6,85.6,28.3,0
2026-07-05 22:00:00,okra,fruiting,71.3,82.2,26.0,0
2026-07-05 23:00:00,okra,flowering,70.6,84.4,23.5,0
2026-07-06 00:00:00,okra,vegetative,70.9,92.7,21.6,0
2026-07-06 01:00:00,okra,flowering,63.4,98.0,24.3,0
2026-07-06 02:00:00,okra,fruiting,63.5,98.0,21.8,0
2026-07-06 03:00:00,okra,vegetative,62.1,97.7,21.0,0
2026-07-06 04:00:00,okra,flowering,58.2,94.2,18.8,0
2026-07-06 05:00:00,okra,flowering,58.2,92.1,22.0,0
2026-07-06 06:00:00,okra,fruiting,59.5,98.0,20.5,0
2026-07-06 07:00:00,okra,flowering,59.8,98.0,23.8,0
2026-07-06 08:00:00,okra,vegetative,57.2,98.0,23.6,1
2026-07-06 09:00:00,okra,vegetative,65.9,76.9,26.7,0
2026-07-06 10:00:00,okra,flowering,63.1,69.6,30.2,0
2026-07-06 11:00:00,okra,flowering,60.1,69.6,30.0,0
2026-07-06 12:00:00,okra,vegetative,55.2,80.0,31.6,0
2026-07-06 13:00:00,okra,flowering,52.9,67.0,31.8,0
2026-07-06 14:00:00,okra,fruiting,49.3,76.3,31.7,1
2026-07-06 15:00:00,okra,vegetative,66.0,77.9,32.0,1
2026-07-06 16:00:00,okra,flowering,74.4,74.3,33.4,0
2026-07-06 17:00:00,okra,vegetative,75.6,68.0,31.5,0
2026-07-06 18:00:00,okra,vegetative,72.4,73.4,32.0,0
2026-07-06 19:00:00,okra,fruiting,69.1,73.6,28.9,0
2026-07-06 20:00:00,okra,fruiting,67.1,77.4,26.3,0
2026-07-06 21:00:00,okra,seedling,65.6,72.3,27.2,0
2026-07-06 22:00:00,okra,seedling,65.8,98.0,23.9,0
2026-07-06 23:00:00,okra,vegetative,66.0,91.5,23.9,0
2026-07-07 00:00:00,okra,flowering,63.6,98.0,19.0,0
2026-07-07 01:00:00,okra,flowering,60.5,97.7,22.6,0
2026-07-07 02:00:00,okra,vegetative,58.0,89.4,23.2,0
2026-07-07 03:00:00,okra,seedling,56.9,88.4,20.4,0
2026-07-07 04:00:00,okra,flowering,58.2,89.4,21.8,0
2026-07-07 05:00:00,okra,seedling,54.8,87.3,20.2,0
2026-07-07 06:00:00,okra,vegetative,51.4,92.5,22.1,1
2026-07-07 07:00:00,okra,flowering,66.1,88.3,24.0,0
2026-07-07 08:00:00,okra,fruiting,63.9,72.8,25.0,0
2026-07-07 09:00:00,okra,vegetative,62.5,71.7,26.9,1
2026-07-07 10:00:00,okra,flowering,71.9,72.1,26.6,0
2026-07-07 11:00:00,okra,flowering,69.5,67.5,29.8,0
2026-07-07 12:00:00,okra,seedling,65.7,65.4,31.6,0
2026-07-07 13:00:00,okra,flowering,64.9,61.9,32.1,0
2026-07-07 14:00:00,okra,seedling,64.4,76.7,32.5,0
2026-07-07 15:00:00,okra,flowering,63.2,61.7,33.8,0
2026-07-07 16:00:00,okra,flowering,64.1,72.1,33.4,1
2026-07-07 17:00:00,okra,flowering,71.4,59.3,33.8,0
2026-07-07 18:00:00,okra,flowering,67.9,61.7,29.6,0
2026-07-07 19:00:00,okra,flowering,67.0,54.3,30.4,0
2026-07-07 20:00:00,okra,fruiting,65.2,77.9,28.8,0
2026-07-07 21:00:00,okra,seedling,64.5,85.0,26.3,0
2026-07-07 22:00:00,okra,seedling,66.6,98.0,23.6,0
2026-07-07 23:00:00,okra,fruiting,65.7,93.4,23.8,0
2026-07-08 00:00:00,okra,flowering,63.0,98.0,23.3,0
2026-07-08 01:00:00,okra,fruiting,59.4,95.3,19.1,0
2026-07-08 02:00:00,okra,vegetative,58.8,85.9,22.8,0
2026-07-08 03:00:00,okra,seedling,59.7,93.2,20.6,0
2026-07-08 04:00:00,okra,flowering,57.3,83.8,22.1,0
2026-07-08 05:00:00,okra,flowering,51.6,86.2,24.8,0
2026-07-08 06:00:00,okra,flowering,49.1,86.6,24.3,1
2026-07-08 07:00:00,okra,fruiting,56.9,98.0,23.3,1
2026-07-08 08:00:00,okra,flowering,64.4,87.1,26.4,0
2026-07-08 09:00:00,okra,seedling,67.6,82.3,27.5,0
2026-07-08 10:00:00,okra,seedling,62.9,71.3,27.6,0
2026-07-08 11:00:00,okra,fruiting,57.0,64.9,30.3,0
2026-07-08 12:00:00,okra,flowering,57.9,69.6,30.5,0
2026-07-08 13:00:00,okra,fruiting,56.0,69.9,32.6,0
2026-07-08 14:00:00,okra,fruiting,56.0,66.7,33.6,1
2026-07-08 15:00:00,okra,fruiting,70.1,63.6,32.9,0
2026-07-08 16:00:00,okra,fruiting,65.3,66.9,32.0,0
2026-07-08 17:00:00,okra,vegetative,62.9,70.9,32.8,1
2026-07-08 18:00:00,okra,fruiting,67.6,71.4,30.6,1
2026-07-08 19:00:00,okra,vegetative,80.9,84.2,27.3,0
2026-07-08 20:00:00,okra,fruiting,78.9,78.9,27.7,0
2026-07-08 21:00:00,okra,flowering,76.1,70.2,27.7,0
2026-07-08 22:00:00,okra,flowering,75.3,89.0,23.7,0
2026-07-08 23:00:00,okra,flowering,70.9,93.9,23.8,0
2026-07-09 00:00:00,okra,seedling,69.6,84.5,22.7,0
2026-07-09 01:00:00,okra,fruiting,64.4,91.0,22.5,0
2026-07-09 02:00:00,okra,seedling,64.2,98.0,20.6,0
2026-07-09 03:00:00,okra,flowering,61.2,89.8,22.7,0
2026-07-09 04:00:00,okra,fruiting,59.8,98.0,19.4,0
2026-07-09 05:00:00,okra,vegetative,60.0,87.9,23.2,0
2026-07-09 06:00:00,okra,seedling,57.4,79.0,24.2,1
2026-07-09 07:00:00,okra,seedling,73.7,89.6,23.6,0
2026-07-09 08:00:00,okra,seedling,73.3,95.8,25.6,0
2026-07-09 09:00:00,okra,vegetative,71.0,67.0,26.7,0
2026-07-09 10:00:00,okra,vegetative,73.3,81.8,28.1,0
2026-07-09 11:00:00,okra,vegetative,73.1,68.8,31.2,0
2026-07-09 12:00:00,okra,seedling,72.3,62.0,31.8,0
2026-07-09 13:00:00,okra,vegetative,68.2,61.4,31.7,0
2026-07-09 14:00:00,okra,vegetative,65.5,77.0,31.8,0
2026-07-09 15:00:00,okra,fruiting,61.9,69.4,31.5,0
2026-07-09 16:00:00,okra,seedling,57.7,60.9,33.2,1
2026-07-09 17:00:00,okra,vegetative,68.8,74.0,32.5,0
2026-07-09 18:00:00,okra,seedling,68.7,54.1,31.8,1
2026-07-09 19:00:00,okra,vegetative,78.4,75.2,29.1,0
2026-07-09 20:00:00,okra,seedling,76.2,72.1,27.8,0
2026-07-09 21:00:00,okra,vegetative,76.3,92.7,25.4,0
2026-07-09 22:00:00,okra,vegetative,78.3,90.7,25.2,0
2026-07-09 23:00:00,okra,vegetative,74.7,96.0,20.6,0
2026-07-10 00:00:00,okra,vegetative,74.9,85.9,23.2,0
2026-07-10 01:00:00,okra,vegetative,69.5,98.0,20.8,0
2026-07-10 02:00:00,okra,flowering,68.2,84.5,21.6,0
2026-07-10 03:00:00,okra,vegetative,68.2,94.5,21.1,0
2026-07-10 04:00:00,okra,fruiting,66.0,98.0,18.8,0
2026-07-10 05:00:00,okra,flowering,62.8,98.0,19.6,0
2026-07-10 06:00:00,okra,flowering,60.6,79.2,22.9,0
2026-07-10 07:00:00,okra,vegetative,59.2,89.6,23.1,1
2026-07-10 08:00:00,okra,vegetative,73.2,84.2,25.3,0
2026-07-10 09:00:00,okra,seedling,72.0,81.1,27.2,0
2026-07-10 10:00:00,okra,fruiting,68.0,71.4,29.2,0
2026-07-10 11:00:00,okra,fruiting,66.7,72.3,32.2,0
2026-07-10 12:00:00,okra,seedling,65.0,69.6,31.5,0
2026-07-10 13:00:00,okra,vegetative,62.0,65.2,32.0,1
2026-07-10 14:00:00,okra,seedling,73.3,76.4,32.3,0
2026-07-10 15:00:00,okra,flowering,71.7,64.5,33.6,0
2026-07-10 16:00:00,okra,fruiting,67.2,61.1,32.4,0
2026-07-10 17:00:00,okra,fruiting,65.6,58.9,33.6,0
2026-07-10 18:00:00,okra,seedling,66.3,67.9,32.3,0
2026-07-10 19:00:00,okra,vegetative,68.5,82.4,30.0,0
2026-07-10 20:00:00,okra,fruiting,70.0,72.9,28.7,0
2026-07-10 21:00:00,okra,fruiting,61.8,87.0,26.5,0
2026-07-10 22:00:00,okra,flowering,62.6,75.0,27.0,0
2026-07-10 23:00:00,okra,seedling,65.5,89.3,24.0,0
2026-07-11 00:00:00,okra,seedling,65.7,88.4,21.8,1
2026-07-11 01:00:00,okra,seedling,76.2,98.0,18.8,0
2026-07-11 02:00:00,okra,fruiting,77.3,84.8,19.3,0
2026-07-11 03:00:00,okra,seedling,77.0,98.0,20.8,0
2026-07-11 04:00:00,okra,fruiting,75.2,87.3,21.7,0
2026-07-11 05:00:00,okra,vegetative,72.5,98.0,21.4,0
2026-07-11 06:00:00,okra,seedling,68.9,88.2,22.0,0
2026-07-11 07:00:00,okra,vegetative,70.7,78.8,23.5,0
2026-07-11 08:00:00,okra,seedling,70.6,77.8,25.6,1
2026-07-11 09:00:00,okra,fruiting,77.8,81.8,27.9,0
2026-07-11 10:00:00,okra,vegetative,74.2,84.8,26.8,0
2026-07-11 11:00:00,okra,seedling,75.2,63.4,28.2,0
2026-07-11 12:00:00,okra,flowering,73.4,67.7,33.1,0
2026-07-11 13:00:00,okra,fruiting,74.0,74.7,31.0,0
2026-07-11 14:00:00,okra,flowering,73.5,80.8,33.2,0
2026-07-11 15:00:00,okra,vegetative,71.4,70.8,32.3,0
2026-07-11 16:00:00,okra,flowering,69.9,62.3,33.2,0
2026-07-11 17:00:00,okra,vegetative,69.0,62.3,33.3,0
2026-07-11 18:00:00,okra,fruiting,67.3,76.7,33.4,0
2026-07-11 19:00:00,okra,vegetative,64.1,61.9,32.8,1
2026-07-11 20:00:00,okra,vegetative,76.7,61.5,26.7,0
2026-07-11 21:00:00,okra,seedling,77.7,85.7,27.8,0
2026-07-11 22:00:00,okra,seedling,75.0,80.6,25.3,0
2026-07-11 23:00:00,okra,fruiting,70.7,76.2,24.8,0
2026-07-12 00:00:00,okra,vegetative,67.8,81.9,21.7,0
2026-07-12 01:00:00,okra,vegetative,67.7,86.5,23.3,0
2026-07-12 02:00:00,okra,fruiting,61.8,83.4,24.7,0
2026-07-12 03:00:00,okra,flowering,62.6,95.7,21.4,0
2026-07-12 04:00:00,okra,fruiting,62.7,98.0,21.2,0
2026-07-12 05:00:00,okra,fruiting,61.3,91.8,22.6,0
2026-07-12 06:00:00,okra,flowering,60.6,84.7,25.4,0
2026-07-12 07:00:00,okra,flowering,58.5,94.2,22.1,0
2026-07-12 08:00:00,okra,seedling,59.4,88.1,24.2,1
2026-07-12 09:00:00,okra,fruiting,67.7,80.2,27.5,0
2026-07-12 10:00:00,okra,fruiting,62.8,86.4,28.2,0
2026-07-12 11:00:00,okra,flowering,57.2,86.0,29.1,0
2026-07-12 12:00:00,okra,vegetative,53.3,69.2,31.4,0
2026-07-12 13:00:00,okra,flowering,49.5,69.2,33.6,1
2026-07-12 14:00:00,okra,flowering,58.6,62.2,32.5,0
2026-07-12 15:00:00,okra,fruiting,54.7,72.0,32.4,0
2026-07-12 16:00:00,okra,vegetative,51.7,61.4,30.9,1
2026-07-12 17:00:00,okra,vegetative,64.3,64.4,33.0,1
2026-07-12 18:00:00,okra,vegetative,72.1,60.7,32.5,0
2026-07-12 19:00:00,okra,seedling,66.4,81.7,30.4,0
2026-07-12 20:00:00,okra,vegetative,64.5,80.5,28.2,0
2026-07-12 21:00:00,okra,vegetative,60.8,79.6,28.3,0
2026-07-12 22:00:00,okra,flowering,59.7,84.4,26.1,0
2026-07-12 23:00:00,okra,seedling,60.5,79.0,25.0,0
2026-07-13 00:00:00,okra,fruiting,60.9,92.0,23.2,0
2026-07-13 01:00:00,okra,flowering,61.3,84.0,22.2,0
2026-07-13 02:00:00,okra,fruiting,59.5,98.0,19.0,0
2026-07-13 03:00:00,okra,seedling,61.2,98.0,18.1,0
2026-07-13 04:00:00,okra,flowering,59.8,80.7,22.0,0
2026-07-13 05:00:00,okra,fruiting,58.4,98.0,19.7,0
2026-07-13 06:00:00,okra,fruiting,57.9,87.9,23.0,0
2026-07-13 07:00:00,okra,seedling,56.9,90.9,22.6,1
2026-07-13 08:00:00,okra,vegetative,66.0,76.9,25.8,0
2026-07-13 09:00:00,okra,flowering,65.0,87.5,25.8,0
2026-07-13 10:00:00,okra,seedling,64.2,75.9,29.6,0
2026-07-13 11:00:00,okra,seedling,63.2,67.1,31.6,0
2026-07-13 12:00:00,okra,vegetative,63.7,64.6,31.6,0
2026-07-13 13:00:00,okra,fruiting,64.2,62.3,32.0,0
2026-07-13 14:00:00,okra,seedling,66.8,74.6,31.2,0
2026-07-13 15:00:00,okra,seedling,65.0,69.3,32.9,0
2026-07-13 16:00:00,okra,seedling,63.3,67.2,32.2,0
2026-07-13 17:00:00,okra,flowering,62.9,58.8,31.8,1
2026-07-13 18:00:00,okra,seedling,71.5,63.4,33.7,0
2026-07-13 19:00:00,okra,vegetative,71.3,68.3,31.7,0
2026-07-13 20:00:00,okra,flowering,68.6,66.1,30.6,0
2026-07-13 21:00:00,okra,vegetative,69.4,89.2,25.0,0
2026-07-13 22:00:00,okra,fruiting,68.5,93.8,24.9,0
2026-07-13 23:00:00,okra,flowering,69.7,98.0,23.4,0
2026-07-14 00:00:00,okra,fruiting,69.4,80.7,24.1,0
2026-07-14 01:00:00,okra,fruiting,67.5,76.4,23.3,0
2026-07-14 02:00:00,okra,vegetative,67.3,95.3,21.0,0
2026-07-14 03:00:00,okra,flowering,63.3,98.0,21.6,0
2026-07-14 04:00:00,okra,flowering,59.6,97.1,19.9,0
2026-07-14 05:00:00,okra,fruiting,55.9,91.9,21.1,0
2026-07-14 06:00:00,okra,vegetative,53.6,83.9,22.4,0
2026-07-14 07:00:00,okra,seedling,55.2,94.6,23.5,1
2026-07-14 08:00:00,okra,flowering,67.3,78.7,25.6,0
2026-07-14 09:00:00,okra,flowering,65.0,81.3,26.0,1
2026-07-14 10:00:00,okra,fruiting,72.1,75.7,28.7,0
2026-07-14 11:00:00,okra,seedling,73.2,72.8,28.6,0
2026-07-14 12:00:00,okra,fruiting,70.8,77.3,31.5,0
2026-07-14 13:00:00,okra,vegetative,66.9,63.2,32.6,0
2026-07-14 14:00:00,okra,fruiting,65.0,66.9,33.6,0
2026-07-14 15:00:00,okra,fruiting,62.0,64.5,33.9,0
2026-07-14 16:00:00,okra,seedling,61.0,60.5,33.1,1
2026-07-14 17:00:00,okra,fruiting,72.9,69.2,34.8,0
2026-07-14 18:00:00,okra,vegetative,75.9,65.5,31.2,0
2026-07-14 19:00:00,okra,flowering,77.5,77.1,29.6,0
2026-07-14 20:00:00,okra,vegetative,76.2,77.8,27.1,0
2026-07-14 21:00:00,okra,seedling,76.8,86.1,25.5,0
2026-07-14 22:00:00,okra,flowering,77.4,96.7,24.7,0
2026-07-14 23:00:00,okra,flowering,74.6,86.0,22.3,0
2026-07-15 00:00:00,okra,seedling,74.4,98.0,22.3,0
2026-07-15 01:00:00,okra,vegetative,71.4,93.3,23.2,0
2026-07-15 02:00:00,okra,seedling,68.4,94.5,20.2,0
2026-07-15 03:00:00,okra,fruiting,65.0,98.0,19.6,0
2026-07-15 04:00:00,okra,fruiting,59.2,87.5,22.0,0
2026-07-15 05:00:00,okra,vegetative,56.8,90.6,20.3,0
2026-07-15 06:00:00,okra,seedling,58.1,83.4,24.4,1
2026-07-15 07:00:00,okra,fruiting,70.1,94.2,23.3,0
2026-07-15 08:00:00,okra,fruiting,68.9,86.0,25.0,1
2026-07-15 09:00:00,okra,vegetative,76.4,91.0,25.4,0
2026-07-15 10:00:00,okra,vegetative,72.6,80.3,31.2,0
2026-07-15 11:00:00,okra,flowering,71.3,62.0,29.1,0
2026-07-15 12:00:00,okra,fruiting,70.8,64.9,31.8,0
2026-07-15 13:00:00,okra,vegetative,71.0,60.9,31.6,0
2026-07-15 14:00:00,okra,vegetative,66.0,60.8,32.2,0
2026-07-15 15:00:00,okra,vegetative,69.6,52.1,35.0,0
2026-07-15 16:00:00,okra,fruiting,66.8,79.7,31.4,1
2026-07-15 17:00:00,okra,fruiting,74.4,70.4,32.2,0
2026-07-15 18:00:00,okra,flowering,74.4,68.6,32.3,0
2026-07-15 19:00:00,okra,flowering,74.8,77.0,30.7,0
2026-07-15 20:00:00,okra,flowering,73.2,68.7,28.4,0
2026-07-15 21:00:00,okra,fruiting,73.3,77.7,26.1,0
2026-07-15 22:00:00,okra,fruiting,72.6,89.1,27.4,0
2026-07-15 23:00:00,okra,seedling,70.2,96.3,22.9,0
2026-07-16 00:00:00,okra,flowering,67.9,98.0,20.8,0
2026-07-16 01:00:00,okra,fruiting,68.0,98.0,19.8,0
2026-07-16 02:00:00,okra,fruiting,67.0,98.0,20.6,0
2026-07-16 03:00:00,okra,vegetative,64.3,98.0,20.7,0
2026-07-16 04:00:00,okra,flowering,64.3,98.0,20.3,1
2026-07-16 05:00:00,okra,fruiting,77.2,98.0,19.5,0
2026-07-16 06:00:00,okra,fruiting,74.6,95.6,23.3,0
2026-07-16 07:00:00,okra,vegetative,76.2,86.8,24.9,0
2026-07-16 08:00:00,okra,vegetative,75.8,84.0,26.2,0
2026-07-16 09:00:00,okra,seedling,75.5,78.5,27.0,0
2026-07-16 10:00:00,okra,flowering,77.3,78.1,28.4,0
2026-07-16 11:00:00,okra,fruiting,75.1,77.3,30.3,0
2026-07-16 12:00:00,okra,vegetative,77.7,74.1,32.5,0
2026-07-16 13:00:00,okra,fruiting,78.2,57.9,34.5,0
2026-07-16 14:00:00,okra,fruiting,76.1,69.5,32.0,0
2026-07-16 15:00:00,okra,flowering,72.6,86.1,31.9,0
2026-07-16 16:00:00,okra,seedling,70.6,60.4,33.7,0
2026-07-16 17:00:00,okra,fruiting,66.1,68.1,32.7,0
2026-07-16 18:00:00,okra,seedling,65.3,70.0,31.0,1
2026-07-16 19:00:00,okra,flowering,75.7,71.4,31.5,1
2026-07-16 20:00:00,okra,flowering,90.0,69.2,26.7,0
2026-07-16 21:00:00,okra,vegetative,87.3,77.5,29.7,0
2026-07-16 22:00:00,okra,flowering,84.6,83.8,27.1,0
2026-07-16 23:00:00,okra,seedling,86.5,90.1,23.1,0
2026-07-17 00:00:00,okra,flowering,85.2,82.9,24.6,0
2026-07-17 01:00:00,okra,fruiting,83.4,87.6,21.3,0
2026-07-17 02:00:00,okra,fruiting,84.2,98.0,20.9,0
2026-07-17 03:00:00,okra,seedling,82.9,94.2,21.2,0
2026-07-17 04:00:00,okra,vegetative,81.2,84.4,20.6,0
2026-07-17 05:00:00,okra,vegetative,78.8,89.6,21.6,0
2026-07-17 06:00:00,okra,fruiting,78.4,94.6,22.2,0
2026-07-17 07:00:00,okra,vegetative,75.8,98.0,23.1,0
2026-07-17 08:00:00,okra,vegetative,74.3,87.2,24.4,0
2026-07-17 09:00:00,okra,flowering,70.9,87.8,27.9,0
2026-07-17 10:00:00,okra,flowering,66.7,78.4,30.4,0
2026-07-17 11:00:00,okra,flowering,65.9,78.4,29.6,0
2026-07-17 12:00:00,okra,seedling,65.0,62.6,32.6,0
2026-07-17 13:00:00,okra,flowering,63.6,70.4,33.7,0
2026-07-17 14:00:00,okra,seedling,63.6,73.4,33.3,0
2026-07-17 15:00:00,okra,flowering,63.7,65.8,30.9,0
2026-07-17 16:00:00,okra,fruiting,60.3,77.0,30.8,0
2026-07-17 17:00:00,okra,fruiting,59.9,65.6,31.8,0
2026-07-17 18:00:00,okra,seedling,59.0,66.3,31.2,0
2026-07-17 19:00:00,okra,fruiting,54.8,72.2,30.4,1
2026-07-17 20:00:00,okra,fruiting,65.8,72.1,27.5,0
2026-07-17 21:00:00,okra,fruiting,66.4,92.3,27.1,0
2026-07-17 22:00:00,okra,fruiting,64.6,81.9,27.2,0
2026-07-17 23:00:00,okra,flowering,62.2,89.5,22.3,0
2026-07-18 00:00:00,okra,fruiting,58.1,76.1,23.7,0
2026-07-18 01:00:00,okra,seedling,55.8,76.4,23.9,0
2026-07-18 02:00:00,okra,seedling,52.4,86.9,21.9,0
2026-07-18 03:00:00,okra,fruiting,51.0,95.3,19.7,0
2026-07-18 04:00:00,okra,vegetative,48.4,92.1,21.6,1
2026-07-18 05:00:00,okra,seedling,59.8,89.6,21.7,0
2026-07-18 06:00:00,okra,flowering,57.3,80.4,22.9,1
2026-07-18 07:00:00,okra,flowering,62.8,89.1,24.3,0
2026-07-18 08:00:00,okra,seedling,63.0,95.0,24.6,0
2026-07-18 09:00:00,okra,fruiting,60.3,98.0,25.3,0
2026-07-18 10:00:00,okra,vegetative,60.1,80.5,26.7,0
2026-07-18 11:00:00,okra,fruiting,55.9,71.7,29.7,1
2026-07-18 12:00:00,okra,vegetative,66.8,64.5,33.1,0
2026-07-18 13:00:00,okra,seedling,67.8,73.1,29.1,0
2026-07-18 14:00:00,okra,vegetative,70.1,58.5,34.4,0
2026-07-18 15:00:00,okra,flowering,67.6,62.1,34.2,0
2026-07-18 16:00:00,okra,vegetative,65.9,61.6,32.8,0
2026-07-18 17:00:00,okra,fruiting,65.2,48.7,33.9,0
2026-07-18 18:00:00,okra,vegetative,61.0,84.2,29.1,1
2026-07-18 19:00:00,okra,vegetative,72.6,73.1,29.8,1
2026-07-18 20:00:00,okra,flowering,81.7,67.8,31.3,0
2026-07-18 21:00:00,okra,vegetative,79.3,85.4,26.8,0
2026-07-18 22:00:00,okra,vegetative,80.5,83.9,25.1,0
2026-07-18 23:00:00,okra,seedling,78.5,76.8,24.5,0
2026-07-19 00:00:00,okra,fruiting,76.7,85.8,24.0,0
2026-07-19 01:00:00,okra,vegetative,74.1,87.7,22.8,0
2026-07-19 02:00:00,okra,seedling,71.7,89.0,20.8,0
2026-07-19 03:00:00,okra,fruiting,70.7,92.1,19.5,0
2026-07-19 04:00:00,okra,flowering,71.5,96.5,21.8,0
2026-07-19 05:00:00,okra,seedling,70.0,98.0,24.2,0
2026-07-19 06:00:00,okra,fruiting,64.6,83.8,22.6,0
2026-07-19 07:00:00,okra,flowering,57.6,85.0,24.6,0
2026-07-19 08:00:00,okra,fruiting,54.5,89.3,25.8,1
2026-07-19 09:00:00,okra,vegetative,64.2,84.7,25.5,0
2026-07-19 10:00:00,okra,vegetative,62.2,92.8,26.9,0
2026-07-19 11:00:00,okra,seedling,62.0,72.7,31.2,0
2026-07-19 12:00:00,okra,flowering,61.1,54.9,32.7,0
2026-07-19 13:00:00,okra,flowering,59.8,70.3,33.5,0
2026-07-19 14:00:00,okra,seedling,57.9,70.1,33.2,1
2026-07-19 15:00:00,okra,flowering,70.6,69.2,31.8,0
2026-07-19 16:00:00,okra,vegetative,68.5,64.4,33.5,0
2026-07-19 17:00:00,okra,seedling,66.1,77.8,31.5,1
2026-07-19 18:00:00,okra,seedling,74.8,69.4,32.4,0
2026-07-19 19:00:00,okra,vegetative,70.7,56.2,30.5,0
2026-07-19 20:00:00,okra,vegetative,71.0,82.2,29.9,0
2026-07-19 21:00:00,okra,flowering,70.3,75.7,26.9,0
2026-07-19 22:00:00,okra,vegetative,66.6,72.0,26.1,0
2026-07-19 23:00:00,okra,flowering,64.8,97.6,23.2,0
2026-07-20 00:00:00,okra,seedling,63.5,92.8,20.7,0
2026-07-20 01:00:00,okra,fruiting,60.7,98.0,21.3,0
2026-07-20 02:00:00,okra,fruiting,58.4,88.6,20.9,0
2026-07-20 03:00:00,okra,vegetative,58.0,81.5,21.9,0
2026-07-20 04:00:00,okra,flowering,58.1,87.1,21.6,0
2026-07-20 05:00:00,okra,fruiting,56.7,86.7,22.5,0
2026-07-20 06:00:00,okra,vegetative,53.6,89.1,22.0,1
2026-07-20 07:00:00,okra,seedling,64.9,88.3,25.4,0
2026-07-20 08:00:00,okra,vegetative,63.2,92.5,24.6,0
2026-07-20 09:00:00,okra,fruiting,59.6,70.3,27.3,1
2026-07-20 10:00:00,okra,seedling,68.8,72.3,30.3,0
2026-07-20 11:00:00,okra,seedling,63.3,84.5,30.3,1
2026-07-20 12:00:00,okra,seedling,72.1,66.1,32.1,0
2026-07-20 13:00:00,okra,fruiting,69.0,67.3,31.6,0
2026-07-20 14:00:00,okra,vegetative,67.3,75.6,32.2,0
2026-07-20 15:00:00,okra,seedling,67.3,75.8,31.6,0
2026-07-20 16:00:00,okra,vegetative,63.6,54.2,34.3,0
2026-07-20 17:00:00,okra,flowering,60.0,73.4,32.7,1
2026-07-20 18:00:00,okra,flowering,72.1,62.9,30.6,1
2026-07-20 19:00:00,okra,seedling,80.8,69.0,30.5,0
2026-07-20 20:00:00,okra,seedling,79.4,75.0,28.0,0
2026-07-20 21:00:00,okra,fruiting,76.3,87.1,27.9,0
2026-07-20 22:00:00,okra,seedling,73.4,62.8,27.2,0
2026-07-20 23:00:00,okra,flowering,73.0,83.1,24.5,0
2026-07-21 00:00:00,okra,fruiting,70.6,92.9,20.5,0
2026-07-21 01:00:00,okra,vegetative,69.4,95.8,22.6,0
2026-07-21 02:00:00,okra,fruiting,67.9,88.7,19.7,0
2026-07-21 03:00:00,okra,seedling,63.7,91.7,22.5,0
2026-07-21 04:00:00,okra,vegetative,61.7,92.7,19.0,0
2026-07-21 05:00:00,okra,flowering,61.4,95.8,22.3,0
2026-07-21 06:00:00,okra,seedling,60.8,83.2,25.1,0
2026-07-21 07:00:00,okra,seedling,57.2,77.4,25.9,0
2026-07-21 08:00:00,okra,fruiting,55.5,74.9,25.4,0
2026-07-21 09:00:00,okra,seedling,52.8,84.9,26.4,0
2026-07-21 10:00:00,okra,seedling,49.5,78.9,27.8,1
2026-07-21 11:00:00,okra,vegetative,60.2,72.5,31.5,0
2026-07-21 12:00:00,okra,vegetative,59.8,70.2,32.4,0
2026-07-21 13:00:00,okra,fruiting,57.3,74.3,32.7,0
2026-07-21 14:00:00,okra,flowering,49.2,65.4,33.5,1
2026-07-21 15:00:00,okra,fruiting,57.0,63.4,32.2,1
2026-07-21 16:00:00,okra,seedling,66.7,75.7,32.6,0
2026-07-21 17:00:00,okra,vegetative,62.3,64.5,35.5,0
2026-07-21 18:00:00,okra,fruiting,59.7,63.5,29.9,0
2026-07-21 19:00:00,okra,vegetative,56.4,85.8,26.7,0
2026-07-21 20:00:00,okra,fruiting,55.4,74.5,30.3,0
2026-07-21 21:00:00,okra,fruiting,53.9,79.4,26.7,1
2026-07-21 22:00:00,okra,vegetative,62.1,77.6,24.6,0
2026-07-21 23:00:00,okra,flowering,60.0,81.8,22.7,0
2026-07-22 00:00:00,okra,vegetative,59.8,98.0,20.7,0
2026-07-22 01:00:00,okra,vegetative,58.1,72.6,22.7,0
2026-07-01 06:00:00,tomato,vegetative,56.1,95.2,22.8,0
2026-07-01 07:00:00,tomato,flowering,53.6,82.1,23.2,1
2026-07-01 08:00:00,tomato,fruiting,70.0,82.8,26.6,0
2026-07-01 09:00:00,tomato,vegetative,66.7,82.8,26.9,0
2026-07-01 10:00:00,tomato,seedling,66.5,82.0,28.1,0
2026-07-01 11:00:00,tomato,vegetative,61.9,84.7,28.9,0
2026-07-01 12:00:00,tomato,vegetative,60.1,71.5,32.5,0
2026-07-01 13:00:00,tomato,seedling,62.4,53.8,33.1,1
2026-07-01 14:00:00,tomato,vegetative,76.9,77.1,32.3,0
2026-07-01 15:00:00,tomato,flowering,75.9,56.8,35.2,0
2026-07-01 16:00:00,tomato,flowering,76.0,66.6,32.4,0
2026-07-01 17:00:00,tomato,seedling,75.8,70.4,31.8,0
2026-07-01 18:00:00,tomato,vegetative,73.1,67.4,28.7,0
2026-07-01 19:00:00,tomato,vegetative,74.6,72.3,30.3,0
2026-07-01 20:00:00,tomato,seedling,70.1,69.9,28.6,0
2026-07-01 21:00:00,tomato,fruiting,72.2,80.6,28.3,0
2026-07-01 22:00:00,tomato,vegetative,68.7,90.3,23.8,0
2026-07-01 23:00:00,tomato,vegetative,67.0,89.1,23.9,0
2026-07-02 00:00:00,tomato,seedling,65.4,98.0,21.1,0
2026-07-02 01:00:00,tomato,fruiting,64.6,94.5,21.5,0
2026-07-02 02:00:00,tomato,fruiting,65.4,86.6,21.9,0
2026-07-02 03:00:00,tomato,vegetative,62.2,94.2,21.3,1
2026-07-02 04:00:00,tomato,vegetative,74.1,90.1,18.3,0
2026-07-02 05:00:00,tomato,vegetative,74.3,94.7,20.3,0
2026-07-02 06:00:00,tomato,flowering,71.0,91.3,22.2,0
2026-07-02 07:00:00,tomato,vegetative,66.5,94.9,22.3,0
2026-07-02 08:00:00,tomato,flowering,67.6,84.0,26.3,0
2026-07-02 09:00:00,tomato,seedling,66.5,84.1,26.2,1
2026-07-02 10:00:00,tomato,vegetative,75.7,73.3,29.8,0
2026-07-02 11:00:00,tomato,vegetative,77.6,91.8,26.3,0
2026-07-02 12:00:00,tomato,fruiting,75.4,65.0,32.8,0
2026-07-02 13:00:00,tomato,seedling,74.6,69.6,31.4,0
2026-07-02 14:00:00,tomato,fruiting,71.6,64.0,33.0,0
2026-07-02 15:00:00,tomato,vegetative,68.9,65.1,33.0,0
2026-07-02 16:00:00,tomato,flowering,72.5,72.6,32.0,0
2026-07-02 17:00:00,tomato,fruiting,67.6,77.5,31.5,1
2026-07-02 18:00:00,tomato,seedling,74.2,55.5,31.9,0
2026-07-02 19:00:00,tomato,vegetative,75.3,75.0,30.6,0
2026-07-02 20:00:00,tomato,seedling,75.1,66.8,29.2,0
2026-07-02 21:00:00,tomato,seedling,70.6,70.2,27.2,0
2026-07-02 22:00:00,tomato,fruiting,69.2,80.3,24.4,0
2026-07-02 23:00:00,tomato,vegetative,69.1,74.2,25.2,0
2026-07-03 00:00:00,tomato,flowering,67.4,90.8,21.8,0
2026-07-03 01:00:00,tomato,vegetative,61.9,93.6,22.3,1
2026-07-03 02:00:00,tomato,fruiting,73.9,98.0,22.3,0
2026-07-03 03:00:00,tomato,fruiting,72.8,91.8,19.2,0
2026-07-03 04:00:00,tomato,vegetative,70.3,92.2,21.8,0
2026-07-03 05:00:00,tomato,vegetative,69.0,86.7,21.4,0
2026-07-03 06:00:00,tomato,flowering,72.7,96.8,23.2,0
2026-07-03 07:00:00,tomato,vegetative,71.9,98.0,22.9,1
2026-07-03 08:00:00,tomato,fruiting,85.2,84.2,27.0,0
2026-07-03 09:00:00,tomato,vegetative,83.6,81.7,25.1,0
2026-07-03 10:00:00,tomato,flowering,81.6,73.2,30.0,0
2026-07-03 11:00:00,tomato,fruiting,78.1,71.1,30.0,0
2026-07-03 12:00:00,tomato,fruiting,77.6,59.4,33.3,0
2026-07-03 13:00:00,tomato,flowering,78.6,68.3,31.2,0
2026-07-03 14:00:00,tomato,flowering,78.9,75.2,32.4,0
2026-07-03 15:00:00,tomato,vegetative,80.3,53.5,35.1,0
2026-07-03 16:00:00,tomato,fruiting,79.8,44.4,32.4,0
2026-07-03 17:00:00,tomato,fruiting,77.6,66.8,31.3,0
2026-07-03 18:00:00,tomato,flowering,72.4,59.7,30.8,0
2026-07-03 19:00:00,tomato,flowering,72.7,90.7,29.7,1
2026-07-03 20:00:00,tomato,seedling,87.6,73.6,28.2,0
2026-07-03 21:00:00,tomato,fruiting,79.9,81.4,26.4,0
2026-07-03 22:00:00,tomato,seedling,76.2,86.8,26.0,0
2026-07-03 23:00:00,tomato,vegetative,78.3,98.0,23.7,0
2026-07-04 00:00:00,tomato,flowering,77.8,96.5,22.2,0
2026-07-04 01:00:00,tomato,vegetative,78.2,79.2,22.7,0
2026-07-04 02:00:00,tomato,fruiting,75.2,86.0,21.9,0
2026-07-04 03:00:00,tomato,fruiting,77.8,98.0,20.5,0
2026-07-04 04:00:00,tomato,fruiting,76.6,98.0,20.2,0
2026-07-04 05:00:00,tomato,flowering,73.8,94.3,20.3,0
2026-07-04 06:00:00,tomato,flowering,74.3,93.6,23.2,0
2026-07-04 07:00:00,tomato,flowering,70.7,89.0,24.4,0
2026-07-04 08:00:00,tomato,fruiting,71.7,64.9,28.0,0
2026-07-04 09:00:00,tomato,fruiting,68.5,79.7,26.5,0
2026-07-04 10:00:00,tomato,seedling,65.8,77.5,26.9,0
2026-07-04 11:00:00,tomato,vegetative,64.3,76.3,29.0,1
2026-07-04 12:00:00,tomato,vegetative,68.4,64.3,29.8,0
2026-07-04 13:00:00,tomato,flowering,65.0,70.6,32.1,1
2026-07-04 14:00:00,tomato,vegetative,74.5,61.3,30.2,0
2026-07-04 15:00:00,tomato,vegetative,68.8,73.8,33.2,0
2026-07-04 16:00:00,tomato,flowering,69.9,70.0,32.4,1
2026-07-04 17:00:00,tomato,fruiting,77.2,64.3,30.3,1
2026-07-04 18:00:00,tomato,flowering,90.0,72.9,30.1,0
2026-07-04 19:00:00,tomato,fruiting,87.6,73.1,30.4,0
2026-07-04 20:00:00,tomato,vegetative,85.6,77.5,29.5,0
2026-07-04 21:00:00,tomato,fruiting,83.8,77.0,27.7,0
2026-07-04 22:00:00,tomato,fruiting,82.7,80.3,23.6,0
2026-07-04 23:00:00,tomato,fruiting,80.8,85.7,26.9,0
2026-07-05 00:00:00,tomato,seedling,75.2,91.8,23.8,0
2026-07-05 01:00:00,tomato,flowering,73.0,85.1,22.4,0
2026-07-05 02:00:00,tomato,vegetative,73.6,92.8,20.5,0
2026-07-05 03:00:00,tomato,vegetative,75.8,79.5,22.1,0
2026-07-05 04:00:00,tomato,vegetative,77.6,98.0,21.4,0
2026-07-05 05:00:00,tomato,seedling,75.9,92.6,21.8,0
2026-07-05 06:00:00,tomato,fruiting,74.0,74.7,24.6,1
2026-07-05 07:00:00,tomato,seedling,80.9,81.9,24.9,0
2026-07-05 08:00:00,tomato,vegetative,79.7,97.3,24.3,0
2026-07-05 09:00:00,tomato,flowering,81.7,74.1,28.9,0
2026-07-05 10:00:00,tomato,flowering,80.6,80.6,29.3,0
2026-07-05 11:00:00,tomato,seedling,76.3,70.7,29.6,0
2026-07-05 12:00:00,tomato,fruiting,73.3,63.0,30.8,0
2026-07-05 13:00:00,tomato,seedling,75.0,78.2,31.7,0
2026-07-05 14:00:00,tomato,fruiting,73.6,59.5,34.7,1
2026-07-05 15:00:00,tomato,vegetative,88.4,63.8,33.8,0
2026-07-05 16:00:00,tomato,vegetative,89.7,67.3,32.3,0
2026-07-05 17:00:00,tomato,vegetative,84.7,67.2,33.8,1
2026-07-05 18:00:00,tomato,seedling,90.0,57.9,33.2,0
2026-07-05 19:00:00,tomato,flowering,90.0,73.0,31.4,0
2026-07-05 20:00:00,tomato,flowering,88.3,68.8,28.3,0
2026-07-05 21:00:00,tomato,seedling,90.0,90.5,26.2,0
2026-07-05 22:00:00,tomato,fruiting,86.0,76.6,26.2,0
2026-07-05 23:00:00,tomato,fruiting,84.0,84.3,24.8,0
2026-07-06 00:00:00,tomato,flowering,84.2,85.5,22.5,0
2026-07-06 01:00:00,tomato,vegetative,84.7,96.9,22.2,0
2026-07-06 02:00:00,tomato,flowering,86.1,93.0,20.6,0
2026-07-06 03:00:00,tomato,vegetative,82.4,89.4,22.3,0
2026-07-06 04:00:00,tomato,flowering,83.2,90.8,19.3,0
2026-07-06 05:00:00,tomato,flowering,80.1,88.7,21.7,0
2026-07-06 06:00:00,tomato,seedling,77.9,80.3,23.0,0
2026-07-06 07:00:00,tomato,flowering,74.2,82.9,25.1,0
2026-07-06 08:00:00,tomato,flowering,74.7,84.0,26.2,0
2026-07-06 09:00:00,tomato,fruiting,72.4,80.6,27.9,0
2026-07-06 10:00:00,tomato,seedling,73.8,91.5,29.0,0
2026-07-06 11:00:00,tomato,flowering,72.3,66.7,31.3,0
2026-07-06 12:00:00,tomato,seedling,73.3,63.4,32.0,0
2026-07-06 13:00:00,tomato,flowering,71.8,64.1,30.2,0
2026-07-06 14:00:00,tomato,flowering,72.1,54.4,33.1,0
2026-07-06 15:00:00,tomato,flowering,70.2,64.5,31.4,0
2026-07-06 16:00:00,tomato,flowering,70.9,53.9,31.8,1
2026-07-06 17:00:00,tomato,seedling,84.6,61.8,30.1,0
2026-07-06 18:00:00,tomato,flowering,79.9,76.7,29.6,0
2026-07-06 19:00:00,tomato,fruiting,76.5,62.0,30.4,0
2026-07-06 20:00:00,tomato,fruiting,74.0,74.5,31.5,0
2026-07-06 21:00:00,tomato,vegetative,75.3,78.6,26.3,0
2026-07-06 22:00:00,tomato,vegetative,74.8,87.1,24.5,0
2026-07-06 23:00:00,tomato,flowering,69.1,98.0,22.4,1
2026-07-07 00:00:00,tomato,fruiting,76.9,98.0,22.4,0
2026-07-07 01:00:00,tomato,fruiting,77.5,97.8,20.5,0
2026-07-07 02:00:00,tomato,flowering,73.8,91.2,21.2,0
2026-07-07 03:00:00,tomato,seedling,73.3,95.5,22.1,0
2026-07-07 04:00:00,tomato,vegetative,70.0,92.8,21.3,0
2026-07-07 05:00:00,tomato,vegetative,71.0,84.8,21.0,0
2026-07-07 06:00:00,tomato,fruiting,68.3,98.0,22.4,0
2026-07-07 07:00:00,tomato,vegetative,67.6,87.7,22.2,0
2026-07-07 08:00:00,tomato,vegetative,67.7,86.7,25.2,0
2026-07-07 09:00:00,tomato,vegetative,69.0,83.4,29.0,1
2026-07-07 10:00:00,tomato,fruiting,79.6,82.0,30.1,0
2026-07-07 11:00:00,tomato,seedling,80.0,69.1,28.9,0
2026-07-07 12:00:00,tomato,fruiting,80.5,64.9,31.8,0
2026-07-07 13:00:00,tomato,fruiting,77.0,54.8,31.7,0
2026-07-07 14:00:00,tomato,flowering,76.1,69.7,30.2,0
2026-07-07 15:00:00,tomato,seedling,75.4,59.9,30.7,0
2026-07-07 16:00:00,tomato,vegetative,71.7,70.7,32.3,1
2026-07-07 17:00:00,tomato,vegetative,89.7,65.5,32.6,0
2026-07-07 18:00:00,tomato,vegetative,89.9,77.0,31.0,0
2026-07-07 19:00:00,tomato,fruiting,88.5,75.8,30.3,0
2026-07-07 20:00:00,tomato,fruiting,84.3,76.8,28.4,0
2026-07-07 21:00:00,tomato,vegetative,81.1,62.3,27.8,0
2026-07-07 22:00:00,tomato,flowering,79.0,73.3,25.4,0
2026-07-07 23:00:00,tomato,flowering,80.0,81.0,26.7,0
2026-07-08 00:00:00,tomato,fruiting,80.1,96.9,22.7,0
2026-07-08 01:00:00,tomato,seedling,81.1,92.0,21.1,0
2026-07-08 02:00:00,tomato,seedling,78.1,94.4,19.4,0
2026-07-08 03:00:00,tomato,flowering,78.0,93.6,22.1,0
2026-07-08 04:00:00,tomato,seedling,72.4,88.2,21.2,0
2026-07-08 05:00:00,tomato,fruiting,69.1,85.1,22.8,0
2026-07-08 06:00:00,tomato,vegetative,65.3,98.0,23.4,1
2026-07-08 07:00:00,tomato,flowering,79.7,88.1,24.5,0
2026-07-08 08:00:00,tomato,vegetative,79.8,86.8,23.4,0
2026-07-08 09:00:00,tomato,vegetative,76.5,90.2,27.8,0
2026-07-08 10:00:00,tomato,seedling,76.2,86.4,28.3,0
2026-07-08 11:00:00,tomato,seedling,72.1,86.4,27.8,0
2026-07-08 12:00:00,tomato,vegetative,71.2,55.3,32.2,0
2026-07-08 13:00:00,tomato,vegetative,67.2,65.5,30.2,0
2026-07-08 14:00:00,tomato,flowering,64.4,72.7,31.6,1
2026-07-08 15:00:00,tomato,flowering,73.7,57.2,34.1,0
2026-07-08 16:00:00,tomato,seedling,71.5,69.3,32.6,0
2026-07-08 17:00:00,tomato,vegetative,67.2,56.5,33.0,1
2026-07-08 18:00:00,tomato,flowering,74.8,60.8,34.1,0
2026-07-08 19:00:00,tomato,vegetative,74.5,78.1,30.6,1
2026-07-08 20:00:00,tomato,vegetative,82.6,82.9,28.4,0
2026-07-08 21:00:00,tomato,seedling,81.9,84.5,25.1,0
2026-07-08 22:00:00,tomato,seedling,79.6,79.9,25.2,0
2026-07-08 23:00:00,tomato,vegetative,78.2,91.2,22.7,0
2026-07-09 00:00:00,tomato,seedling,79.0,78.0,26.5,0
2026-07-09 01:00:00,tomato,vegetative,76.8,98.0,17.8,0
2026-07-09 02:00:00,tomato,seedling,73.4,94.8,22.0,0
2026-07-09 03:00:00,tomato,flowering,70.8,98.0,21.8,0
2026-07-09 04:00:00,tomato,fruiting,70.1,98.0,19.0,0
2026-07-09 05:00:00,tomato,seedling,69.2,98.0,21.2,0
2026-07-09 06:00:00,tomato,fruiting,66.0,88.5,23.2,0
2026-07-09 07:00:00,tomato,flowering,61.5,85.4,24.3,1
2026-07-09 08:00:00,tomato,vegetative,68.5,86.4,25.6,1
2026-07-09 09:00:00,tomato,vegetative,77.4,74.8,27.5,0
2026-07-09 10:00:00,tomato,vegetative,76.0,73.0,29.2,0
2026-07-09 11:00:00,tomato,flowering,73.6,64.6,31.2,0
2026-07-09 12:00:00,tomato,flowering,75.3,69.3,32.1,0
2026-07-09 13:00:00,tomato,seedling,74.9,65.2,31.1,0
2026-07-09 14:00:00,tomato,flowering,73.3,60.2,35.5,0
2026-07-09 15:00:00,tomato,seedling,73.1,66.1,33.0,0
2026-07-09 16:00:00,tomato,seedling,71.3,74.9,32.6,0
2026-07-09 17:00:00,tomato,vegetative,67.6,62.9,34.8,0
2026-07-09 18:00:00,tomato,fruiting,62.4,85.4,30.2,1
2026-07-09 19:00:00,tomato,seedling,73.1,75.1,29.5,0
2026-07-09 20:00:00,tomato,seedling,68.7,89.7,27.3,0
2026-07-09 21:00:00,tomato,fruiting,63.0,94.0,24.8,0
2026-07-09 22:00:00,tomato,fruiting,60.7,81.9,27.9,0
2026-07-09 23:00:00,tomato,seedling,56.8,90.6,23.3,0
2026-07-10 00:00:00,tomato,vegetative,56.3,98.0,20.6,0
2026-07-10 01:00:00,tomato,fruiting,55.0,84.5,22.6,0
2026-07-10 02:00:00,tomato,seedling,52.3,97.9,19.1,0
2026-07-10 03:00:00,tomato,fruiting,49.5,92.0,21.4,1
2026-07-10 04:00:00,tomato,fruiting,57.6,90.0,21.6,0
2026-07-10 05:00:00,tomato,fruiting,59.2,90.6,21.0,0
2026-07-10 06:00:00,tomato,flowering,57.9,83.4,21.2,1
2026-07-10 07:00:00,tomato,seedling,69.4,93.6,22.1,1
2026-07-10 08:00:00,tomato,flowering,78.4,77.2,26.7,0
2026-07-10 09:00:00,tomato,flowering,72.4,80.0,28.8,0
2026-07-10 10:00:00,tomato,vegetative,69.5,82.6,25.7,0
2026-07-10 11:00:00,tomato,seedling,64.3,76.1,29.8,0
2026-07-10 12:00:00,tomato,vegetative,60.8,80.6,28.8,0
2026-07-10 13:00:00,tomato,fruiting,60.7,55.5,33.2,1
2026-07-10 14:00:00,tomato,vegetative,72.3,56.9,32.5,0
2026-07-10 15:00:00,tomato,seedling,68.9,69.1,35.8,0
2026-07-10 16:00:00,tomato,fruiting,71.9,70.5,31.9,0
2026-07-10 17:00:00,tomato,seedling,70.8,57.7,32.3,0
2026-07-10 18:00:00,tomato,flowering,67.7,68.9,30.9,0
2026-07-10 19:00:00,tomato,flowering,68.4,65.7,30.6,1
2026-07-10 20:00:00,tomato,seedling,80.1,78.4,26.9,0
2026-07-10 21:00:00,tomato,flowering,74.1,79.7,28.2,0
2026-07-10 22:00:00,tomato,fruiting,76.4,78.6,27.6,0
2026-07-10 23:00:00,tomato,seedling,75.2,90.9,24.4,0
2026-07-11 00:00:00,tomato,seedling,74.7,82.5,21.7,0
2026-07-11 01:00:00,tomato,flowering,71.6,98.0,20.4,0
2026-07-11 02:00:00,tomato,vegetative,69.6,92.9,22.4,0
2026-07-11 03:00:00,tomato,seedling,67.1,98.0,22.1,0
2026-07-11 04:00:00,tomato,flowering,62.3,87.3,20.0,0
2026-07-11 05:00:00,tomato,seedling,59.3,86.7,23.5,1
2026-07-11 06:00:00,tomato,fruiting,72.4,77.9,24.3,0
2026-07-11 07:00:00,tomato,seedling,71.6,89.7,22.7,1
2026-07-11 08:00:00,tomato,fruiting,82.3,86.5,27.6,0
2026-07-11 09:00:00,tomato,fruiting,81.3,87.3,26.3,0
2026-07-11 10:00:00,tomato,seedling,80.2,82.2,27.3,0
2026-07-11 11:00:00,tomato,vegetative,76.5,80.8,27.9,0
2026-07-11 12:00:00,tomato,seedling,71.8,78.0,31.2,0
2026-07-11 13:00:00,tomato,seedling,68.1,57.0,32.6,0
2026-07-11 14:00:00,tomato,vegetative,69.4,71.4,33.4,1
2026-07-11 15:00:00,tomato,seedling,80.0,61.7,35.4,0
2026-07-11 16:00:00,tomato,vegetative,78.4,52.8,32.4,0
2026-07-11 17:00:00,tomato,fruiting,76.5,70.4,33.8,0
2026-07-11 18:00:00,tomato,vegetative,74.5,64.4,32.2,1
2026-07-11 19:00:00,tomato,vegetative,84.3,61.0,29.6,0
2026-07-11 20:00:00,tomato,flowering,86.6,76.1,29.8,0
2026-07-11 21:00:00,tomato,seedling,81.4,82.4,27.6,0
2026-07-11 22:00:00,tomato,seedling,80.5,85.1,23.6,0
2026-07-11 23:00:00,tomato,flowering,77.8,88.3,24.4,0
2026-07-12 00:00:00,tomato,fruiting,77.4,85.2,23.1,0
2026-07-12 01:00:00,tomato,seedling,80.3,98.0,23.2,0
2026-07-12 02:00:00,tomato,vegetative,77.3,93.8,21.7,0
2026-07-12 03:00:00,tomato,flowering,74.2,98.0,23.1,0
2026-07-12 04:00:00,tomato,fruiting,70.5,91.1,21.2,0
2026-07-12 05:00:00,tomato,flowering,67.1,98.0,20.2,0
2026-07-12 06:00:00,tomato,seedling,68.6,86.9,26.4,1
2026-07-12 07:00:00,tomato,fruiting,80.0,85.4,22.4,0
2026-07-12 08:00:00,tomato,vegetative,75.6,81.3,25.5,0
2026-07-12 09:00:00,tomato,fruiting,72.3,74.8,28.7,1
2026-07-12 10:00:00,tomato,seedling,82.2,75.4,28.5,0
2026-07-12 11:00:00,tomato,fruiting,81.7,66.6,30.7,0
2026-07-12 12:00:00,tomato,vegetative,81.6,65.2,31.4,0
2026-07-12 13:00:00,tomato,flowering,78.4,71.4,30.9,0
2026-07-12 14:00:00,tomato,fruiting,77.7,59.4,33.3,0
2026-07-12 15:00:00,tomato,flowering,76.6,77.3,32.5,0
2026-07-12 16:00:00,tomato,vegetative,72.4,68.6,33.0,1
2026-07-12 17:00:00,tomato,seedling,81.9,70.8,30.9,0
2026-07-12 18:00:00,tomato,flowering,81.1,70.6,29.9,0
2026-07-12 19:00:00,tomato,seedling,81.4,75.8,30.0,0
2026-07-12 20:00:00,tomato,flowering,81.8,73.0,27.9,0
2026-07-12 21:00:00,tomato,flowering,77.2,71.7,29.2,0
2026-07-12 22:00:00,tomato,vegetative,78.2,84.9,25.1,0
2026-07-12 23:00:00,tomato,fruiting,75.2,88.1,24.2,0
2026-07-13 00:00:00,tomato,seedling,73.9,89.3,21.8,0
2026-07-13 01:00:00,tomato,fruiting,71.8,98.0,23.8,0
2026-07-13 02:00:00,tomato,fruiting,70.5,88.3,22.2,0
2026-07-13 03:00:00,tomato,seedling,68.8,98.0,20.3,0
2026-07-13 04:00:00,tomato,flowering,70.0,95.7,20.9,0
2026-07-13 05:00:00,tomato,vegetative,68.9,82.0,23.2,0
2026-07-13 06:00:00,tomato,flowering,68.8,95.7,21.4,0
2026-07-13 07:00:00,tomato,seedling,66.3,98.0,25.7,0
2026-07-13 08:00:00,tomato,vegetative,63.9,79.4,24.7,1
2026-07-13 09:00:00,tomato,flowering,69.5,56.4,30.1,0
2026-07-13 10:00:00,tomato,flowering,70.4,74.1,28.8,0
2026-07-13 11:00:00,tomato,vegetative,68.6,73.5,29.9,0
2026-07-13 12:00:00,tomato,seedling,69.4,67.8,31.6,0
2026-07-13 13:00:00,tomato,fruiting,65.1,70.6,33.0,0
2026-07-13 14:00:00,tomato,flowering,65.5,65.0,31.2,0
2026-07-13 15:00:00,tomato,flowering,61.0,63.2,32.1,1
2026-07-13 16:00:00,tomato,flowering,71.5,62.1,34.3,0
2026-07-13 17:00:00,tomato,fruiting,69.9,66.2,32.2,1
2026-07-13 18:00:00,tomato,flowering,72.8,65.4,29.6,0
2026-07-13 19:00:00,tomato,vegetative,70.8,56.6,28.7,0
2026-07-13 20:00:00,tomato,flowering,68.7,82.2,27.0,0
2026-07-13 21:00:00,tomato,vegetative,66.8,86.5,28.5,0
2026-07-13 22:00:00,tomato,seedling,65.3,76.9,25.9,0
2026-07-13 23:00:00,tomato,seedling,62.4,91.4,23.2,0
2026-07-14 00:00:00,tomato,fruiting,59.2,77.2,23.2,0
2026-07-14 01:00:00,tomato,fruiting,60.1,94.3,22.4,0
2026-07-14 02:00:00,tomato,seedling,59.5,95.3,20.2,1
2026-07-14 03:00:00,tomato,flowering,71.0,96.7,21.8,0
2026-07-14 04:00:00,tomato,seedling,73.5,98.0,21.3,0
2026-07-14 05:00:00,tomato,flowering,71.0,94.2,20.5,0
2026-07-14 06:00:00,tomato,seedling,65.9,75.4,23.9,0
2026-07-14 07:00:00,tomato,flowering,70.4,93.2,22.2,0
2026-07-14 08:00:00,tomato,fruiting,67.9,79.8,26.7,1
2026-07-14 09:00:00,tomato,flowering,84.0,84.3,25.2,0
2026-07-14 10:00:00,tomato,fruiting,84.3,76.2,27.2,0
2026-07-14 11:00:00,tomato,fruiting,84.2,75.9,29.5,0
2026-07-14 12:00:00,tomato,seedling,85.4,61.5,33.1,0
2026-07-14 13:00:00,tomato,vegetative,84.7,65.6,30.8,0
2026-07-14 14:00:00,tomato,fruiting,84.2,68.5,33.3,0
2026-07-14 15:00:00,tomato,flowering,80.7,76.4,33.2,0
2026-07-14 16:00:00,tomato,fruiting,80.3,62.9,35.7,1
2026-07-14 17:00:00,tomato,seedling,87.0,81.8,32.5,0
2026-07-14 18:00:00,tomato,flowering,82.7,64.7,31.0,0
2026-07-14 19:00:00,tomato,flowering,80.7,79.1,29.1,0
2026-07-14 20:00:00,tomato,vegetative,80.4,87.8,26.7,0
2026-07-14 21:00:00,tomato,flowering,80.3,91.4,25.9,0
2026-07-14 22:00:00,tomato,vegetative,80.3,92.2,25.2,0
2026-07-14 23:00:00,tomato,seedling,81.0,96.9,23.7,0
2026-07-15 00:00:00,tomato,flowering,77.9,77.4,22.8,0
2026-07-15 01:00:00,tomato,flowering,74.0,98.0,21.2,0
2026-07-15 02:00:00,tomato,seedling,73.9,98.0,16.7,0
2026-07-15 03:00:00,tomato,seedling,70.1,98.0,22.9,0
2026-07-15 04:00:00,tomato,fruiting,70.0,88.3,22.5,0
2026-07-15 05:00:00,tomato,vegetative,69.0,98.0,21.5,0
2026-07-15 06:00:00,tomato,seedling,67.5,85.3,23.4,0
2026-07-15 07:00:00,tomato,seedling,68.1,68.6,21.6,1
2026-07-15 08:00:00,tomato,fruiting,76.2,85.4,26.4,1
2026-07-15 09:00:00,tomato,flowering,82.9,74.5,27.0,0
2026-07-15 10:00:00,tomato,fruiting,83.3,74.6,28.3,0
2026-07-15 11:00:00,tomato,seedling,81.6,77.8,31.3,0
2026-07-15 12:00:00,tomato,seedling,81.9,59.2,29.8,0
2026-07-15 13:00:00,tomato,fruiting,81.2,80.1,32.6,0
2026-07-15 14:00:00,tomato,flowering,79.5,71.5,33.6,0
2026-07-15 15:00:00,tomato,flowering,74.4,60.2,32.0,0
2026-07-15 16:00:00,tomato,flowering,72.5,55.1,33.0,0
2026-07-15 17:00:00,tomato,vegetative,67.3,62.4,33.3,1
2026-07-15 18:00:00,tomato,flowering,80.3,66.3,29.9,0
2026-07-15 19:00:00,tomato,seedling,79.6,77.5,29.9,0
2026-07-15 20:00:00,tomato,flowering,77.5,86.1,28.2,0
2026-07-15 21:00:00,tomato,flowering,74.5,87.8,27.5,0
2026-07-15 22:00:00,tomato,fruiting,72.7,79.1,25.6,0
2026-07-15 23:00:00,tomato,seedling,72.2,76.3,25.6,0
2026-07-16 00:00:00,tomato,fruiting,70.7,84.5,21.5,0
2026-07-16 01:00:00,tomato,fruiting,65.6,86.9,22.6,0
2026-07-16 02:00:00,tomato,vegetative,64.1,78.7,24.2,0
2026-07-16 03:00:00,tomato,flowering,62.0,94.0,21.1,0
2026-07-16 04:00:00,tomato,flowering,61.9,88.5,20.9,0
2026-07-16 05:00:00,tomato,flowering,57.7,89.4,24.3,0
2026-07-16 06:00:00,tomato,flowering,54.1,98.0,21.3,1
2026-07-16 07:00:00,tomato,seedling,65.7,89.7,22.9,1
2026-07-16 08:00:00,tomato,flowering,71.9,88.6,24.2,0
2026-07-16 09:00:00,tomato,vegetative,74.3,92.0,24.7,0
2026-07-16 10:00:00,tomato,vegetative,72.4,76.4,26.4,0
2026-07-16 11:00:00,tomato,flowering,71.4,63.1,30.1,0
2026-07-16 12:00:00,tomato,seedling,72.8,66.1,30.3,0
2026-07-16 13:00:00,tomato,fruiting,75.0,76.9,30.0,0
2026-07-16 14:00:00,tomato,seedling,72.3,69.8,32.5,0
2026-07-16 15:00:00,tomato,flowering,68.5,59.5,33.8,0
2026-07-16 16:00:00,tomato,seedling,67.1,68.5,33.0,1
2026-07-16 17:00:00,tomato,vegetative,82.5,72.7,32.8,0
2026-07-16 18:00:00,tomato,vegetative,82.4,59.6,31.5,0
2026-07-16 19:00:00,tomato,seedling,77.9,73.9,29.5,0
2026-07-16 20:00:00,tomato,vegetative,76.8,76.6,29.2,0
2026-07-16 21:00:00,tomato,vegetative,74.8,82.0,25.5,0
2026-07-16 22:00:00,tomato,vegetative,70.1,87.7,26.3,0
2026-07-16 23:00:00,tomato,flowering,68.3,86.6,25.9,0
2026-07-17 00:00:00,tomato,seedling,67.2,86.2,22.6,0
2026-07-17 01:00:00,tomato,fruiting,65.3,98.0,24.3,0
2026-07-17 02:00:00,tomato,seedling,61.9,98.0,19.1,0
2026-07-17 03:00:00,tomato,seedling,62.9,98.0,20.0,0
2026-07-17 04:00:00,tomato,fruiting,59.3,98.0,19.5,0
2026-07-17 05:00:00,tomato,fruiting,57.9,98.0,21.4,0
2026-07-17 06:00:00,tomato,fruiting,58.5,79.0,23.1,0
2026-07-17 07:00:00,tomato,fruiting,59.4,84.2,24.2,1
2026-07-17 08:00:00,tomato,fruiting,72.6,76.9,26.4,1
2026-07-17 09:00:00,tomato,seedling,87.6,75.6,27.8,0
2026-07-17 10:00:00,tomato,flowering,83.9,85.8,28.1,0
2026-07-17 11:00:00,tomato,fruiting,81.8,75.0,27.9,0
2026-07-17 12:00:00,tomato,seedling,78.8,77.1,32.2,0
2026-07-17 13:00:00,tomato,flowering,77.4,70.0,33.1,0
2026-07-17 14:00:00,tomato,seedling,72.1,83.7,30.9,0
2026-07-17 15:00:00,tomato,seedling,74.3,69.3,32.2,0
2026-07-17 16:00:00,tomato,seedling,72.0,69.1,32.3,1
2026-07-17 17:00:00,tomato,fruiting,86.8,60.8,31.9,0
2026-07-17 18:00:00,tomato,flowering,87.8,74.4,32.0,0
2026-07-17 19:00:00,tomato,flowering,86.9,82.2,29.9,0
2026-07-17 20:00:00,tomato,fruiting,85.0,78.2,27.3,0
2026-07-17 21:00:00,tomato,flowering,86.0,77.7,24.9,0
2026-07-17 22:00:00,tomato,flowering,86.1,85.2,25.6,0
2026-07-17 23:00:00,tomato,flowering,84.5,77.6,22.1,0
2026-07-18 00:00:00,tomato,flowering,81.8,89.4,23.2,0
2026-07-18 01:00:00,tomato,flowering,76.7,98.0,20.2,0
2026-07-18 02:00:00,tomato,flowering,76.3,94.2,20.6,0
2026-07-18 03:00:00,tomato,seedling,76.2,98.0,19.9,0
2026-07-18 04:00:00,tomato,vegetative,72.2,98.0,20.0,0
2026-07-18 05:00:00,tomato,seedling,68.7,86.4,20.6,0
2026-07-18 06:00:00,tomato,fruiting,69.1,91.0,22.6,1
2026-07-18 07:00:00,tomato,flowering,79.4,98.0,24.0,0
2026-07-18 08:00:00,tomato,fruiting,80.8,88.3,25.3,0
2026-07-18 09:00:00,tomato,fruiting,78.8,74.7,25.7,0
2026-07-18 10:00:00,tomato,seedling,79.1,68.2,28.7,0
2026-07-18 11:00:00,tomato,seedling,76.3,87.0,28.2,0
2026-07-18 12:00:00,tomato,flowering,72.9,62.9,31.4,1
2026-07-18 13:00:00,tomato,seedling,85.4,72.5,32.3,0
2026-07-18 14:00:00,tomato,seedling,85.2,68.4,32.2,0
2026-07-18 15:00:00,tomato,seedling,83.6,52.9,34.3,0
2026-07-18 16:00:00,tomato,seedling,81.8,64.7,31.7,0
2026-07-18 17:00:00,tomato,fruiting,77.1,75.6,30.3,1
2026-07-18 18:00:00,tomato,vegetative,90.0,64.0,30.9,0
2026-07-18 19:00:00,tomato,vegetative,86.1,76.7,31.0,0
2026-07-18 20:00:00,tomato,flowering,85.0,67.5,29.7,0
2026-07-18 21:00:00,tomato,flowering,85.9,84.1,26.6,0
2026-07-18 22:00:00,tomato,vegetative,80.8,70.3,26.6,0
2026-07-18 23:00:00,tomato,vegetative,77.3,90.6,23.5,0
2026-07-19 00:00:00,tomato,seedling,74.9,88.5,23.0,0
2026-07-19 01:00:00,tomato,seedling,74.1,98.0,22.4,0
2026-07-19 02:00:00,tomato,fruiting,71.7,93.2,18.7,0
2026-07-19 03:00:00,tomato,fruiting,69.4,98.0,22.2,0
2026-07-19 04:00:00,tomato,flowering,68.4,90.5,22.3,0
2026-07-19 05:00:00,tomato,seedling,66.6,90.8,21.0,0
2026-07-19 06:00:00,tomato,seedling,63.8,86.7,23.6,0
2026-07-19 07:00:00,tomato,seedling,59.3,87.3,24.6,1
2026-07-19 08:00:00,tomato,fruiting,71.0,93.3,24.8,0
2026-07-19 09:00:00,tomato,flowering,69.8,86.0,27.8,1
2026-07-19 10:00:00,tomato,vegetative,78.0,85.9,27.1,0
2026-07-19 11:00:00,tomato,flowering,74.2,71.8,29.7,0
2026-07-19 12:00:00,tomato,flowering,73.6,55.5,31.6,0
2026-07-19 13:00:00,tomato,flowering,74.6,74.5,33.2,0
2026-07-19 14:00:00,tomato,vegetative,76.9,69.0,34.0,0
2026-07-19 15:00:00,tomato,seedling,77.1,70.5,34.2,0
2026-07-19 16:00:00,tomato,seedling,74.9,77.2,32.9,1
2026-07-19 17:00:00,tomato,flowering,85.2,72.4,33.3,0
2026-07-19 18:00:00,tomato,flowering,84.5,76.3,33.4,0
2026-07-19 19:00:00,tomato,vegetative,81.6,73.0,30.4,0
2026-07-19 20:00:00,tomato,seedling,76.1,53.2,31.3,0
2026-07-19 21:00:00,tomato,fruiting,77.2,94.3,24.7,0
2026-07-19 22:00:00,tomato,seedling,72.6,92.1,24.1,0
2026-07-19 23:00:00,tomato,flowering,68.4,78.2,24.0,0
2026-07-20 00:00:00,tomato,vegetative,63.3,86.0,24.2,0
2026-07-20 01:00:00,tomato,seedling,60.9,91.8,22.0,1
2026-07-20 02:00:00,tomato,fruiting,71.7,98.0,19.4,0
2026-07-20 03:00:00,tomato,seedling,70.1,94.6,19.8,0
2026-07-20 04:00:00,tomato,fruiting,69.2,98.0,20.5,0
2026-07-20 05:00:00,tomato,vegetative,69.1,95.8,21.6,0
2026-07-20 06:00:00,tomato,fruiting,68.0,91.7,21.3,0
2026-07-20 07:00:00,tomato,flowering,65.6,74.5,24.9,1
2026-07-20 08:00:00,tomato,vegetative,76.1,69.2,26.2,0
2026-07-20 09:00:00,tomato,seedling,75.2,78.5,27.9,0
2026-07-20 10:00:00,tomato,fruiting,76.4,86.5,26.1,0
2026-07-20 11:00:00,tomato,seedling,74.0,82.3,31.0,0
2026-07-20 12:00:00,tomato,fruiting,72.7,66.8,32.9,1
2026-07-20 13:00:00,tomato,flowering,79.7,64.1,31.8,0
2026-07-20 14:00:00,tomato,fruiting,78.4,62.8,33.4,0
2026-07-20 15:00:00,tomato,fruiting,77.4,73.5,32.4,0
2026-07-20 16:00:00,tomato,flowering,76.0,65.6,34.5,1
2026-07-20 17:00:00,tomato,vegetative,80.5,59.3,34.4,0
2026-07-20 18:00:00,tomato,vegetative,82.3,63.0,32.2,0
2026-07-20 19:00:00,tomato,fruiting,79.7,73.4,29.4,0
2026-07-20 20:00:00,tomato,seedling,77.1,81.0,29.8,0
2026-07-20 21:00:00,tomato,fruiting,75.0,69.6,25.1,0
2026-07-20 22:00:00,tomato,vegetative,73.5,85.1,24.6,0
2026-07-20 23:00:00,tomato,fruiting,67.7,81.9,24.2,0
2026-07-21 00:00:00,tomato,flowering,65.8,93.3,20.8,0
2026-07-21 01:00:00,tomato,seedling,63.0,72.9,22.6,0
2026-07-21 02:00:00,tomato,vegetative,64.5,98.0,19.0,0
2026-07-21 03:00:00,tomato,seedling,62.0,98.0,22.8,0
2026-07-21 04:00:00,tomato,flowering,58.0,90.9,21.8,0
2026-07-21 05:00:00,tomato,seedling,54.7,92.8,21.6,1
2026-07-21 06:00:00,tomato,flowering,64.7,98.0,21.3,0
2026-07-21 07:00:00,tomato,fruiting,61.4,93.7,25.8,0
2026-07-21 08:00:00,tomato,vegetative,60.6,84.4,25.4,0
2026-07-21 09:00:00,tomato,vegetative,62.5,95.3,27.2,1
2026-07-21 10:00:00,tomato,flowering,74.6,80.2,28.9,0
2026-07-21 11:00:00,tomato,flowering,74.9,72.7,28.3,0
2026-07-21 12:00:00,tomato,seedling,73.3,61.4,33.2,0
2026-07-21 13:00:00,tomato,vegetative,67.7,72.3,31.4,0
2026-07-21 14:00:00,tomato,fruiting,65.5,66.2,31.8,0
2026-07-21 15:00:00,tomato,flowering,64.0,64.0,34.1,1
2026-07-21 16:00:00,tomato,seedling,80.3,76.4,32.9,0
2026-07-21 17:00:00,tomato,vegetative,78.8,47.2,35.5,0
2026-07-21 18:00:00,tomato,seedling,77.5,68.5,32.7,0
2026-07-21 19:00:00,tomato,vegetative,75.3,54.8,32.6,0
2026-07-21 20:00:00,tomato,fruiting,71.2,79.0,28.2,0
2026-07-21 21:00:00,tomato,fruiting,65.7,83.1,25.0,0
2026-07-21 22:00:00,tomato,fruiting,65.3,75.1,24.5,0
2026-07-21 23:00:00,tomato,fruiting,64.4,91.9,25.9,0
2026-07-22 00:00:00,tomato,seedling,62.3,98.0,21.0,0
2026-07-22 01:00:00,tomato,flowering,61.2,78.6,22.1,0
